time_s,standard_frequency_hz,transient_frequency_hz,standard_power_pu,transient_power_pu,standard_gate_pu,transient_gate_pu
0.00,50.0000000,50.0000000,0.0000000,0.0000000,0.8000000,0.8000000
0.01,50.0000000,50.0000000,0.0000000,0.0000000,0.8000000,0.8000000
0.02,50.0000000,50.0000000,0.0000000,0.0000000,0.8000000,0.8000000
0.03,50.0000000,50.0000000,0.0000000,0.0000000,0.8000000,0.8000000
0.04,50.0000000,50.0000000,0.0000000,0.0000000,0.8000000,0.8000000
0.05,50.0000000,50.0000000,0.0000000,0.0000000,0.8000000,0.8000000
0.06,50.0000000,50.0000000,0.0000000,0.0000000,0.8000000,0.8000000
0.07,50.0000000,50.0000000,0.0000000,0.0000000,0.8000000,0.8000000
0.08,50.0000000,50.0000000,0.0000000,0.0000000,0.8000000,0.8000000
0.09,50.0000000,50.0000000,0.0000000,0.0000000,0.8000000,0.8000000
0.10,50.0000000,50.0000000,0.0000000,0.0000000,0.8000000,0.8000000
0.11,50.0000000,50.0000000,0.0000000,0.0000000,0.8000000,0.8000000
0.12,50.0000000,50.0000000,0.0000000,0.0000000,0.8000000,0.8000000
0.13,50.0000000,50.0000000,0.0000000,0.0000000,0.8000000,0.8000000
0.14,50.0000000,50.0000000,0.0000000,0.0000000,0.8000000,0.8000000
0.15,50.0000000,50.0000000,0.0000000,0.0000000,0.8000000,0.8000000
0.16,50.0000000,50.0000000,0.0000000,0.0000000,0.8000000,0.8000000
0.17,50.0000000,50.0000000,0.0000000,0.0000000,0.8000000,0.8000000
0.18,50.0000000,50.0000000,0.0000000,0.0000000,0.8000000,0.8000000
0.19,50.0000000,50.0000000,0.0000000,0.0000000,0.8000000,0.8000000
0.20,50.0000000,50.0000000,0.0000000,0.0000000,0.8000000,0.8000000
0.21,50.0000000,50.0000000,0.0000000,0.0000000,0.8000000,0.8000000
0.22,50.0000000,50.0000000,0.0000000,0.0000000,0.8000000,0.8000000
0.23,50.0000000,50.0000000,0.0000000,0.0000000,0.8000000,0.8000000
0.24,50.0000000,50.0000000,0.0000000,0.0000000,0.8000000,0.8000000
0.25,50.0000000,50.0000000,0.0000000,0.0000000,0.8000000,0.8000000
0.26,50.0000000,50.0000000,0.0000000,0.0000000,0.8000000,0.8000000
0.27,50.0000000,50.0000000,0.0000000,0.0000000,0.8000000,0.8000000
0.28,50.0000000,50.0000000,0.0000000,0.0000000,0.8000000,0.8000000
0.29,50.0000000,50.0000000,0.0000000,0.0000000,0.8000000,0.8000000
0.30,50.0000000,50.0000000,0.0000000,0.0000000,0.8000000,0.8000000
0.31,50.0000000,50.0000000,0.0000000,0.0000000,0.8000000,0.8000000
0.32,50.0000000,50.0000000,0.0000000,0.0000000,0.8000000,0.8000000
0.33,50.0000000,50.0000000,0.0000000,0.0000000,0.8000000,0.8000000
0.34,50.0000000,50.0000000,0.0000000,0.0000000,0.8000000,0.8000000
0.35,50.0000000,50.0000000,0.0000000,0.0000000,0.8000000,0.8000000
0.36,50.0000000,50.0000000,0.0000000,0.0000000,0.8000000,0.8000000
0.37,50.0000000,50.0000000,0.0000000,0.0000000,0.8000000,0.8000000
0.38,50.0000000,50.0000000,0.0000000,0.0000000,0.8000000,0.8000000
0.39,50.0000000,50.0000000,0.0000000,0.0000000,0.8000000,0.8000000
0.40,50.0000000,50.0000000,0.0000000,0.0000000,0.8000000,0.8000000
0.41,50.0000000,50.0000000,0.0000000,0.0000000,0.8000000,0.8000000
0.42,50.0000000,50.0000000,0.0000000,0.0000000,0.8000000,0.8000000
0.43,50.0000000,50.0000000,0.0000000,0.0000000,0.8000000,0.8000000
0.44,50.0000000,50.0000000,0.0000000,0.0000000,0.8000000,0.8000000
0.45,50.0000000,50.0000000,0.0000000,0.0000000,0.8000000,0.8000000
0.46,50.0000000,50.0000000,0.0000000,0.0000000,0.8000000,0.8000000
0.47,50.0000000,50.0000000,0.0000000,0.0000000,0.8000000,0.8000000
0.48,50.0000000,50.0000000,0.0000000,0.0000000,0.8000000,0.8000000
0.49,50.0000000,50.0000000,0.0000000,0.0000000,0.8000000,0.8000000
0.50,50.0000000,50.0000000,0.0000000,0.0000000,0.8000000,0.8000000
0.51,50.0000000,50.0000000,0.0000000,0.0000000,0.8000000,0.8000000
0.52,50.0000000,50.0000000,0.0000000,0.0000000,0.8000000,0.8000000
0.53,50.0000000,50.0000000,0.0000000,0.0000000,0.8000000,0.8000000
0.54,50.0000000,50.0000000,0.0000000,0.0000000,0.8000000,0.8000000
0.55,50.0000000,50.0000000,0.0000000,0.0000000,0.8000000,0.8000000
0.56,50.0000000,50.0000000,0.0000000,0.0000000,0.8000000,0.8000000
0.57,50.0000000,50.0000000,0.0000000,0.0000000,0.8000000,0.8000000
0.58,50.0000000,50.0000000,0.0000000,0.0000000,0.8000000,0.8000000
0.59,50.0000000,50.0000000,0.0000000,0.0000000,0.8000000,0.8000000
0.60,50.0000000,50.0000000,0.0000000,0.0000000,0.8000000,0.8000000
0.61,50.0000000,50.0000000,0.0000000,0.0000000,0.8000000,0.8000000
0.62,50.0000000,50.0000000,0.0000000,0.0000000,0.8000000,0.8000000
0.63,50.0000000,50.0000000,0.0000000,0.0000000,0.8000000,0.8000000
0.64,50.0000000,50.0000000,0.0000000,0.0000000,0.8000000,0.8000000
0.65,50.0000000,50.0000000,0.0000000,0.0000000,0.8000000,0.8000000
0.66,50.0000000,50.0000000,0.0000000,0.0000000,0.8000000,0.8000000
0.67,50.0000000,50.0000000,0.0000000,0.0000000,0.8000000,0.8000000
0.68,50.0000000,50.0000000,0.0000000,0.0000000,0.8000000,0.8000000
0.69,50.0000000,50.0000000,0.0000000,0.0000000,0.8000000,0.8000000
0.70,50.0000000,50.0000000,0.0000000,0.0000000,0.8000000,0.8000000
0.71,50.0000000,50.0000000,0.0000000,0.0000000,0.8000000,0.8000000
0.72,50.0000000,50.0000000,0.0000000,0.0000000,0.8000000,0.8000000
0.73,50.0000000,50.0000000,0.0000000,0.0000000,0.8000000,0.8000000
0.74,50.0000000,50.0000000,0.0000000,0.0000000,0.8000000,0.8000000
0.75,50.0000000,50.0000000,0.0000000,0.0000000,0.8000000,0.8000000
0.76,50.0000000,50.0000000,0.0000000,0.0000000,0.8000000,0.8000000
0.77,50.0000000,50.0000000,0.0000000,0.0000000,0.8000000,0.8000000
0.78,50.0000000,50.0000000,0.0000000,0.0000000,0.8000000,0.8000000
0.79,50.0000000,50.0000000,0.0000000,0.0000000,0.8000000,0.8000000
0.80,50.0000000,50.0000000,0.0000000,0.0000000,0.8000000,0.8000000
0.81,50.0000000,50.0000000,0.0000000,0.0000000,0.8000000,0.8000000
0.82,50.0000000,50.0000000,0.0000000,0.0000000,0.8000000,0.8000000
0.83,50.0000000,50.0000000,0.0000000,0.0000000,0.8000000,0.8000000
0.84,50.0000000,50.0000000,0.0000000,0.0000000,0.8000000,0.8000000
0.85,50.0000000,50.0000000,0.0000000,0.0000000,0.8000000,0.8000000
0.86,50.0000000,50.0000000,0.0000000,0.0000000,0.8000000,0.8000000
0.87,50.0000000,50.0000000,0.0000000,0.0000000,0.8000000,0.8000000
0.88,50.0000000,50.0000000,0.0000000,0.0000000,0.8000000,0.8000000
0.89,50.0000000,50.0000000,0.0000000,0.0000000,0.8000000,0.8000000
0.90,50.0000000,50.0000000,0.0000000,0.0000000,0.8000000,0.8000000
0.91,50.0000000,50.0000000,0.0000000,0.0000000,0.8000000,0.8000000
0.92,50.0000000,50.0000000,0.0000000,0.0000000,0.8000000,0.8000000
0.93,50.0000000,50.0000000,0.0000000,0.0000000,0.8000000,0.8000000
0.94,50.0000000,50.0000000,0.0000000,0.0000000,0.8000000,0.8000000
0.95,50.0000000,50.0000000,0.0000000,0.0000000,0.8000000,0.8000000
0.96,50.0000000,50.0000000,0.0000000,0.0000000,0.8000000,0.8000000
0.97,50.0000000,50.0000000,0.0000000,0.0000000,0.8000000,0.8000000
0.98,50.0000000,50.0000000,0.0000000,0.0000000,0.8000000,0.8000000
0.99,50.0000000,50.0000000,0.0000000,0.0000000,0.8000000,0.8000000
1.00,50.0000000,50.0000000,0.0000000,0.0000000,0.8000000,0.8000000
1.01,50.0000000,50.0000000,0.0000000,0.0000000,0.8000000,0.8000000
1.02,50.0000000,50.0000000,0.0000000,0.0000000,0.8000000,0.8000000
1.03,50.0000000,50.0000000,0.0000000,0.0000000,0.8000000,0.8000000
1.04,50.0000000,50.0000000,0.0000000,0.0000000,0.8000000,0.8000000
1.05,50.0000000,50.0000000,0.0000000,0.0000000,0.8000000,0.8000000
1.06,50.0000000,50.0000000,0.0000000,0.0000000,0.8000000,0.8000000
1.07,50.0000000,50.0000000,0.0000000,0.0000000,0.8000000,0.8000000
1.08,50.0000000,50.0000000,0.0000000,0.0000000,0.8000000,0.8000000
1.09,50.0000000,50.0000000,0.0000000,0.0000000,0.8000000,0.8000000
1.10,50.0000000,50.0000000,0.0000000,0.0000000,0.8000000,0.8000000
1.11,50.0000000,50.0000000,0.0000000,0.0000000,0.8000000,0.8000000
1.12,50.0000000,50.0000000,0.0000000,0.0000000,0.8000000,0.8000000
1.13,50.0000000,50.0000000,0.0000000,0.0000000,0.8000000,0.8000000
1.14,50.0000000,50.0000000,0.0000000,0.0000000,0.8000000,0.8000000
1.15,50.0000000,50.0000000,0.0000000,0.0000000,0.8000000,0.8000000
1.16,50.0000000,50.0000000,0.0000000,0.0000000,0.8000000,0.8000000
1.17,50.0000000,50.0000000,0.0000000,0.0000000,0.8000000,0.8000000
1.18,50.0000000,50.0000000,0.0000000,0.0000000,0.8000000,0.8000000
1.19,50.0000000,50.0000000,0.0000000,0.0000000,0.8000000,0.8000000
1.20,50.0000000,50.0000000,0.0000000,0.0000000,0.8000000,0.8000000
1.21,50.0000000,50.0000000,0.0000000,0.0000000,0.8000000,0.8000000
1.22,50.0000000,50.0000000,0.0000000,0.0000000,0.8000000,0.8000000
1.23,50.0000000,50.0000000,0.0000000,0.0000000,0.8000000,0.8000000
1.24,50.0000000,50.0000000,0.0000000,0.0000000,0.8000000,0.8000000
1.25,50.0000000,50.0000000,0.0000000,0.0000000,0.8000000,0.8000000
1.26,50.0000000,50.0000000,0.0000000,0.0000000,0.8000000,0.8000000
1.27,50.0000000,50.0000000,0.0000000,0.0000000,0.8000000,0.8000000
1.28,50.0000000,50.0000000,0.0000000,0.0000000,0.8000000,0.8000000
1.29,50.0000000,50.0000000,0.0000000,0.0000000,0.8000000,0.8000000
1.30,50.0000000,50.0000000,0.0000000,0.0000000,0.8000000,0.8000000
1.31,50.0000000,50.0000000,0.0000000,0.0000000,0.8000000,0.8000000
1.32,50.0000000,50.0000000,0.0000000,0.0000000,0.8000000,0.8000000
1.33,50.0000000,50.0000000,0.0000000,0.0000000,0.8000000,0.8000000
1.34,50.0000000,50.0000000,0.0000000,0.0000000,0.8000000,0.8000000
1.35,50.0000000,50.0000000,0.0000000,0.0000000,0.8000000,0.8000000
1.36,50.0000000,50.0000000,0.0000000,0.0000000,0.8000000,0.8000000
1.37,50.0000000,50.0000000,0.0000000,0.0000000,0.8000000,0.8000000
1.38,50.0000000,50.0000000,0.0000000,0.0000000,0.8000000,0.8000000
1.39,50.0000000,50.0000000,0.0000000,0.0000000,0.8000000,0.8000000
1.40,50.0000000,50.0000000,0.0000000,0.0000000,0.8000000,0.8000000
1.41,50.0000000,50.0000000,0.0000000,0.0000000,0.8000000,0.8000000
1.42,50.0000000,50.0000000,0.0000000,0.0000000,0.8000000,0.8000000
1.43,50.0000000,50.0000000,0.0000000,0.0000000,0.8000000,0.8000000
1.44,50.0000000,50.0000000,0.0000000,0.0000000,0.8000000,0.8000000
1.45,50.0000000,50.0000000,0.0000000,0.0000000,0.8000000,0.8000000
1.46,50.0000000,50.0000000,0.0000000,0.0000000,0.8000000,0.8000000
1.47,50.0000000,50.0000000,0.0000000,0.0000000,0.8000000,0.8000000
1.48,50.0000000,50.0000000,0.0000000,0.0000000,0.8000000,0.8000000
1.49,50.0000000,50.0000000,0.0000000,0.0000000,0.8000000,0.8000000
1.50,50.0000000,50.0000000,0.0000000,0.0000000,0.8000000,0.8000000
1.51,50.0000000,50.0000000,0.0000000,0.0000000,0.8000000,0.8000000
1.52,50.0000000,50.0000000,0.0000000,0.0000000,0.8000000,0.8000000
1.53,50.0000000,50.0000000,0.0000000,0.0000000,0.8000000,0.8000000
1.54,50.0000000,50.0000000,0.0000000,0.0000000,0.8000000,0.8000000
1.55,50.0000000,50.0000000,0.0000000,0.0000000,0.8000000,0.8000000
1.56,50.0000000,50.0000000,0.0000000,0.0000000,0.8000000,0.8000000
1.57,50.0000000,50.0000000,0.0000000,0.0000000,0.8000000,0.8000000
1.58,50.0000000,50.0000000,0.0000000,0.0000000,0.8000000,0.8000000
1.59,50.0000000,50.0000000,0.0000000,0.0000000,0.8000000,0.8000000
1.60,50.0000000,50.0000000,0.0000000,0.0000000,0.8000000,0.8000000
1.61,50.0000000,50.0000000,0.0000000,0.0000000,0.8000000,0.8000000
1.62,50.0000000,50.0000000,0.0000000,0.0000000,0.8000000,0.8000000
1.63,50.0000000,50.0000000,0.0000000,0.0000000,0.8000000,0.8000000
1.64,50.0000000,50.0000000,0.0000000,0.0000000,0.8000000,0.8000000
1.65,50.0000000,50.0000000,0.0000000,0.0000000,0.8000000,0.8000000
1.66,50.0000000,50.0000000,0.0000000,0.0000000,0.8000000,0.8000000
1.67,50.0000000,50.0000000,0.0000000,0.0000000,0.8000000,0.8000000
1.68,50.0000000,50.0000000,0.0000000,0.0000000,0.8000000,0.8000000
1.69,50.0000000,50.0000000,0.0000000,0.0000000,0.8000000,0.8000000
1.70,50.0000000,50.0000000,0.0000000,0.0000000,0.8000000,0.8000000
1.71,50.0000000,50.0000000,0.0000000,0.0000000,0.8000000,0.8000000
1.72,50.0000000,50.0000000,0.0000000,0.0000000,0.8000000,0.8000000
1.73,50.0000000,50.0000000,0.0000000,0.0000000,0.8000000,0.8000000
1.74,50.0000000,50.0000000,0.0000000,0.0000000,0.8000000,0.8000000
1.75,50.0000000,50.0000000,0.0000000,0.0000000,0.8000000,0.8000000
1.76,50.0000000,50.0000000,0.0000000,0.0000000,0.8000000,0.8000000
1.77,50.0000000,50.0000000,0.0000000,0.0000000,0.8000000,0.8000000
1.78,50.0000000,50.0000000,0.0000000,0.0000000,0.8000000,0.8000000
1.79,50.0000000,50.0000000,0.0000000,0.0000000,0.8000000,0.8000000
1.80,50.0000000,50.0000000,0.0000000,0.0000000,0.8000000,0.8000000
1.81,50.0000000,50.0000000,0.0000000,0.0000000,0.8000000,0.8000000
1.82,50.0000000,50.0000000,0.0000000,0.0000000,0.8000000,0.8000000
1.83,50.0000000,50.0000000,0.0000000,0.0000000,0.8000000,0.8000000
1.84,50.0000000,50.0000000,0.0000000,0.0000000,0.8000000,0.8000000
1.85,50.0000000,50.0000000,0.0000000,0.0000000,0.8000000,0.8000000
1.86,50.0000000,50.0000000,0.0000000,0.0000000,0.8000000,0.8000000
1.87,50.0000000,50.0000000,0.0000000,0.0000000,0.8000000,0.8000000
1.88,50.0000000,50.0000000,0.0000000,0.0000000,0.8000000,0.8000000
1.89,50.0000000,50.0000000,0.0000000,0.0000000,0.8000000,0.8000000
1.90,50.0000000,50.0000000,0.0000000,0.0000000,0.8000000,0.8000000
1.91,50.0000000,50.0000000,0.0000000,0.0000000,0.8000000,0.8000000
1.92,50.0000000,50.0000000,0.0000000,0.0000000,0.8000000,0.8000000
1.93,50.0000000,50.0000000,0.0000000,0.0000000,0.8000000,0.8000000
1.94,50.0000000,50.0000000,0.0000000,0.0000000,0.8000000,0.8000000
1.95,50.0000000,50.0000000,0.0000000,0.0000000,0.8000000,0.8000000
1.96,50.0000000,50.0000000,0.0000000,0.0000000,0.8000000,0.8000000
1.97,50.0000000,50.0000000,0.0000000,0.0000000,0.8000000,0.8000000
1.98,50.0000000,50.0000000,0.0000000,0.0000000,0.8000000,0.8000000
1.99,50.0000000,50.0000000,0.0000000,0.0000000,0.8000000,0.8000000
2.00,50.0000000,50.0000000,0.0000000,0.0000000,0.8000000,0.8000000
2.01,50.0000000,50.0000000,0.0000000,0.0000000,0.8000000,0.8000000
2.02,50.0000000,50.0000000,0.0000000,0.0000000,0.8000000,0.8000000
2.03,50.0000000,50.0000000,0.0000000,0.0000000,0.8000000,0.8000000
2.04,50.0000000,50.0000000,0.0000000,0.0000000,0.8000000,0.8000000
2.05,50.0000000,50.0000000,0.0000000,0.0000000,0.8000000,0.8000000
2.06,50.0000000,50.0000000,0.0000000,0.0000000,0.8000000,0.8000000
2.07,50.0000000,50.0000000,0.0000000,0.0000000,0.8000000,0.8000000
2.08,50.0000000,50.0000000,0.0000000,0.0000000,0.8000000,0.8000000
2.09,50.0000000,50.0000000,0.0000000,0.0000000,0.8000000,0.8000000
2.10,50.0000000,50.0000000,0.0000000,0.0000000,0.8000000,0.8000000
2.11,50.0000000,50.0000000,0.0000000,0.0000000,0.8000000,0.8000000
2.12,50.0000000,50.0000000,0.0000000,0.0000000,0.8000000,0.8000000
2.13,50.0000000,50.0000000,0.0000000,0.0000000,0.8000000,0.8000000
2.14,50.0000000,50.0000000,0.0000000,0.0000000,0.8000000,0.8000000
2.15,50.0000000,50.0000000,0.0000000,0.0000000,0.8000000,0.8000000
2.16,50.0000000,50.0000000,0.0000000,0.0000000,0.8000000,0.8000000
2.17,50.0000000,50.0000000,0.0000000,0.0000000,0.8000000,0.8000000
2.18,50.0000000,50.0000000,0.0000000,0.0000000,0.8000000,0.8000000
2.19,50.0000000,50.0000000,0.0000000,0.0000000,0.8000000,0.8000000
2.20,50.0000000,50.0000000,0.0000000,0.0000000,0.8000000,0.8000000
2.21,50.0000000,50.0000000,0.0000000,0.0000000,0.8000000,0.8000000
2.22,50.0000000,50.0000000,0.0000000,0.0000000,0.8000000,0.8000000
2.23,50.0000000,50.0000000,0.0000000,0.0000000,0.8000000,0.8000000
2.24,50.0000000,50.0000000,0.0000000,0.0000000,0.8000000,0.8000000
2.25,50.0000000,50.0000000,0.0000000,0.0000000,0.8000000,0.8000000
2.26,50.0000000,50.0000000,0.0000000,0.0000000,0.8000000,0.8000000
2.27,50.0000000,50.0000000,0.0000000,0.0000000,0.8000000,0.8000000
2.28,50.0000000,50.0000000,0.0000000,0.0000000,0.8000000,0.8000000
2.29,50.0000000,50.0000000,0.0000000,0.0000000,0.8000000,0.8000000
2.30,50.0000000,50.0000000,0.0000000,0.0000000,0.8000000,0.8000000
2.31,50.0000000,50.0000000,0.0000000,0.0000000,0.8000000,0.8000000
2.32,50.0000000,50.0000000,0.0000000,0.0000000,0.8000000,0.8000000
2.33,50.0000000,50.0000000,0.0000000,0.0000000,0.8000000,0.8000000
2.34,50.0000000,50.0000000,0.0000000,0.0000000,0.8000000,0.8000000
2.35,50.0000000,50.0000000,0.0000000,0.0000000,0.8000000,0.8000000
2.36,50.0000000,50.0000000,0.0000000,0.0000000,0.8000000,0.8000000
2.37,50.0000000,50.0000000,0.0000000,0.0000000,0.8000000,0.8000000
2.38,50.0000000,50.0000000,0.0000000,0.0000000,0.8000000,0.8000000
2.39,50.0000000,50.0000000,0.0000000,0.0000000,0.8000000,0.8000000
2.40,50.0000000,50.0000000,0.0000000,0.0000000,0.8000000,0.8000000
2.41,50.0000000,50.0000000,0.0000000,0.0000000,0.8000000,0.8000000
2.42,50.0000000,50.0000000,0.0000000,0.0000000,0.8000000,0.8000000
2.43,50.0000000,50.0000000,0.0000000,0.0000000,0.8000000,0.8000000
2.44,50.0000000,50.0000000,0.0000000,0.0000000,0.8000000,0.8000000
2.45,50.0000000,50.0000000,0.0000000,0.0000000,0.8000000,0.8000000
2.46,50.0000000,50.0000000,0.0000000,0.0000000,0.8000000,0.8000000
2.47,50.0000000,50.0000000,0.0000000,0.0000000,0.8000000,0.8000000
2.48,50.0000000,50.0000000,0.0000000,0.0000000,0.8000000,0.8000000
2.49,50.0000000,50.0000000,0.0000000,0.0000000,0.8000000,0.8000000
2.50,50.0000000,50.0000000,0.0000000,0.0000000,0.8000000,0.8000000
2.51,50.0000000,50.0000000,0.0000000,0.0000000,0.8000000,0.8000000
2.52,50.0000000,50.0000000,0.0000000,0.0000000,0.8000000,0.8000000
2.53,50.0000000,50.0000000,0.0000000,0.0000000,0.8000000,0.8000000
2.54,50.0000000,50.0000000,0.0000000,0.0000000,0.8000000,0.8000000
2.55,50.0000000,50.0000000,0.0000000,0.0000000,0.8000000,0.8000000
2.56,50.0000000,50.0000000,0.0000000,0.0000000,0.8000000,0.8000000
2.57,50.0000000,50.0000000,0.0000000,0.0000000,0.8000000,0.8000000
2.58,50.0000000,50.0000000,0.0000000,0.0000000,0.8000000,0.8000000
2.59,50.0000000,50.0000000,0.0000000,0.0000000,0.8000000,0.8000000
2.60,50.0000000,50.0000000,0.0000000,0.0000000,0.8000000,0.8000000
2.61,50.0000000,50.0000000,0.0000000,0.0000000,0.8000000,0.8000000
2.62,50.0000000,50.0000000,0.0000000,0.0000000,0.8000000,0.8000000
2.63,50.0000000,50.0000000,0.0000000,0.0000000,0.8000000,0.8000000
2.64,50.0000000,50.0000000,0.0000000,0.0000000,0.8000000,0.8000000
2.65,50.0000000,50.0000000,0.0000000,0.0000000,0.8000000,0.8000000
2.66,50.0000000,50.0000000,0.0000000,0.0000000,0.8000000,0.8000000
2.67,50.0000000,50.0000000,0.0000000,0.0000000,0.8000000,0.8000000
2.68,50.0000000,50.0000000,0.0000000,0.0000000,0.8000000,0.8000000
2.69,50.0000000,50.0000000,0.0000000,0.0000000,0.8000000,0.8000000
2.70,50.0000000,50.0000000,0.0000000,0.0000000,0.8000000,0.8000000
2.71,50.0000000,50.0000000,0.0000000,0.0000000,0.8000000,0.8000000
2.72,50.0000000,50.0000000,0.0000000,0.0000000,0.8000000,0.8000000
2.73,50.0000000,50.0000000,0.0000000,0.0000000,0.8000000,0.8000000
2.74,50.0000000,50.0000000,0.0000000,0.0000000,0.8000000,0.8000000
2.75,50.0000000,50.0000000,0.0000000,0.0000000,0.8000000,0.8000000
2.76,50.0000000,50.0000000,0.0000000,0.0000000,0.8000000,0.8000000
2.77,50.0000000,50.0000000,0.0000000,0.0000000,0.8000000,0.8000000
2.78,50.0000000,50.0000000,0.0000000,0.0000000,0.8000000,0.8000000
2.79,50.0000000,50.0000000,0.0000000,0.0000000,0.8000000,0.8000000
2.80,50.0000000,50.0000000,0.0000000,0.0000000,0.8000000,0.8000000
2.81,50.0000000,50.0000000,0.0000000,0.0000000,0.8000000,0.8000000
2.82,50.0000000,50.0000000,0.0000000,0.0000000,0.8000000,0.8000000
2.83,50.0000000,50.0000000,0.0000000,0.0000000,0.8000000,0.8000000
2.84,50.0000000,50.0000000,0.0000000,0.0000000,0.8000000,0.8000000
2.85,50.0000000,50.0000000,0.0000000,0.0000000,0.8000000,0.8000000
2.86,50.0000000,50.0000000,0.0000000,0.0000000,0.8000000,0.8000000
2.87,50.0000000,50.0000000,0.0000000,0.0000000,0.8000000,0.8000000
2.88,50.0000000,50.0000000,0.0000000,0.0000000,0.8000000,0.8000000
2.89,50.0000000,50.0000000,0.0000000,0.0000000,0.8000000,0.8000000
2.90,50.0000000,50.0000000,0.0000000,0.0000000,0.8000000,0.8000000
2.91,50.0000000,50.0000000,0.0000000,0.0000000,0.8000000,0.8000000
2.92,50.0000000,50.0000000,0.0000000,0.0000000,0.8000000,0.8000000
2.93,50.0000000,50.0000000,0.0000000,0.0000000,0.8000000,0.8000000
2.94,50.0000000,50.0000000,0.0000000,0.0000000,0.8000000,0.8000000
2.95,50.0000000,50.0000000,0.0000000,0.0000000,0.8000000,0.8000000
2.96,50.0000000,50.0000000,0.0000000,0.0000000,0.8000000,0.8000000
2.97,50.0000000,50.0000000,0.0000000,0.0000000,0.8000000,0.8000000
2.98,50.0000000,50.0000000,0.0000000,0.0000000,0.8000000,0.8000000
2.99,50.0000000,50.0000000,0.0000000,0.0000000,0.8000000,0.8000000
3.00,50.0000000,50.0000000,0.0000000,0.0000000,0.8000000,0.8000000
3.01,50.0000000,50.0000000,0.0000000,0.0000000,0.8000000,0.8000000
3.02,50.0000000,50.0000000,0.0000000,0.0000000,0.8000000,0.8000000
3.03,50.0000000,50.0000000,0.0000000,0.0000000,0.8000000,0.8000000
3.04,50.0000000,50.0000000,0.0000000,0.0000000,0.8000000,0.8000000
3.05,50.0000000,50.0000000,0.0000000,0.0000000,0.8000000,0.8000000
3.06,50.0000000,50.0000000,0.0000000,0.0000000,0.8000000,0.8000000
3.07,50.0000000,50.0000000,0.0000000,0.0000000,0.8000000,0.8000000
3.08,50.0000000,50.0000000,0.0000000,0.0000000,0.8000000,0.8000000
3.09,50.0000000,50.0000000,0.0000000,0.0000000,0.8000000,0.8000000
3.10,50.0000000,50.0000000,0.0000000,0.0000000,0.8000000,0.8000000
3.11,50.0000000,50.0000000,0.0000000,0.0000000,0.8000000,0.8000000
3.12,50.0000000,50.0000000,0.0000000,0.0000000,0.8000000,0.8000000
3.13,50.0000000,50.0000000,0.0000000,0.0000000,0.8000000,0.8000000
3.14,50.0000000,50.0000000,0.0000000,0.0000000,0.8000000,0.8000000
3.15,50.0000000,50.0000000,0.0000000,0.0000000,0.8000000,0.8000000
3.16,50.0000000,50.0000000,0.0000000,0.0000000,0.8000000,0.8000000
3.17,50.0000000,50.0000000,0.0000000,0.0000000,0.8000000,0.8000000
3.18,50.0000000,50.0000000,0.0000000,0.0000000,0.8000000,0.8000000
3.19,50.0000000,50.0000000,0.0000000,0.0000000,0.8000000,0.8000000
3.20,50.0000000,50.0000000,0.0000000,0.0000000,0.8000000,0.8000000
3.21,50.0000000,50.0000000,0.0000000,0.0000000,0.8000000,0.8000000
3.22,50.0000000,50.0000000,0.0000000,0.0000000,0.8000000,0.8000000
3.23,50.0000000,50.0000000,0.0000000,0.0000000,0.8000000,0.8000000
3.24,50.0000000,50.0000000,0.0000000,0.0000000,0.8000000,0.8000000
3.25,50.0000000,50.0000000,0.0000000,0.0000000,0.8000000,0.8000000
3.26,50.0000000,50.0000000,0.0000000,0.0000000,0.8000000,0.8000000
3.27,50.0000000,50.0000000,0.0000000,0.0000000,0.8000000,0.8000000
3.28,50.0000000,50.0000000,0.0000000,0.0000000,0.8000000,0.8000000
3.29,50.0000000,50.0000000,0.0000000,0.0000000,0.8000000,0.8000000
3.30,50.0000000,50.0000000,0.0000000,0.0000000,0.8000000,0.8000000
3.31,50.0000000,50.0000000,0.0000000,0.0000000,0.8000000,0.8000000
3.32,50.0000000,50.0000000,0.0000000,0.0000000,0.8000000,0.8000000
3.33,50.0000000,50.0000000,0.0000000,0.0000000,0.8000000,0.8000000
3.34,50.0000000,50.0000000,0.0000000,0.0000000,0.8000000,0.8000000
3.35,50.0000000,50.0000000,0.0000000,0.0000000,0.8000000,0.8000000
3.36,50.0000000,50.0000000,0.0000000,0.0000000,0.8000000,0.8000000
3.37,50.0000000,50.0000000,0.0000000,0.0000000,0.8000000,0.8000000
3.38,50.0000000,50.0000000,0.0000000,0.0000000,0.8000000,0.8000000
3.39,50.0000000,50.0000000,0.0000000,0.0000000,0.8000000,0.8000000
3.40,50.0000000,50.0000000,0.0000000,0.0000000,0.8000000,0.8000000
3.41,50.0000000,50.0000000,0.0000000,0.0000000,0.8000000,0.8000000
3.42,50.0000000,50.0000000,0.0000000,0.0000000,0.8000000,0.8000000
3.43,50.0000000,50.0000000,0.0000000,0.0000000,0.8000000,0.8000000
3.44,50.0000000,50.0000000,0.0000000,0.0000000,0.8000000,0.8000000
3.45,50.0000000,50.0000000,0.0000000,0.0000000,0.8000000,0.8000000
3.46,50.0000000,50.0000000,0.0000000,0.0000000,0.8000000,0.8000000
3.47,50.0000000,50.0000000,0.0000000,0.0000000,0.8000000,0.8000000
3.48,50.0000000,50.0000000,0.0000000,0.0000000,0.8000000,0.8000000
3.49,50.0000000,50.0000000,0.0000000,0.0000000,0.8000000,0.8000000
3.50,50.0000000,50.0000000,0.0000000,0.0000000,0.8000000,0.8000000
3.51,50.0000000,50.0000000,0.0000000,0.0000000,0.8000000,0.8000000
3.52,50.0000000,50.0000000,0.0000000,0.0000000,0.8000000,0.8000000
3.53,50.0000000,50.0000000,0.0000000,0.0000000,0.8000000,0.8000000
3.54,50.0000000,50.0000000,0.0000000,0.0000000,0.8000000,0.8000000
3.55,50.0000000,50.0000000,0.0000000,0.0000000,0.8000000,0.8000000
3.56,50.0000000,50.0000000,0.0000000,0.0000000,0.8000000,0.8000000
3.57,50.0000000,50.0000000,0.0000000,0.0000000,0.8000000,0.8000000
3.58,50.0000000,50.0000000,0.0000000,0.0000000,0.8000000,0.8000000
3.59,50.0000000,50.0000000,0.0000000,0.0000000,0.8000000,0.8000000
3.60,50.0000000,50.0000000,0.0000000,0.0000000,0.8000000,0.8000000
3.61,50.0000000,50.0000000,0.0000000,0.0000000,0.8000000,0.8000000
3.62,50.0000000,50.0000000,0.0000000,0.0000000,0.8000000,0.8000000
3.63,50.0000000,50.0000000,0.0000000,0.0000000,0.8000000,0.8000000
3.64,50.0000000,50.0000000,0.0000000,0.0000000,0.8000000,0.8000000
3.65,50.0000000,50.0000000,0.0000000,0.0000000,0.8000000,0.8000000
3.66,50.0000000,50.0000000,0.0000000,0.0000000,0.8000000,0.8000000
3.67,50.0000000,50.0000000,0.0000000,0.0000000,0.8000000,0.8000000
3.68,50.0000000,50.0000000,0.0000000,0.0000000,0.8000000,0.8000000
3.69,50.0000000,50.0000000,0.0000000,0.0000000,0.8000000,0.8000000
3.70,50.0000000,50.0000000,0.0000000,0.0000000,0.8000000,0.8000000
3.71,50.0000000,50.0000000,0.0000000,0.0000000,0.8000000,0.8000000
3.72,50.0000000,50.0000000,0.0000000,0.0000000,0.8000000,0.8000000
3.73,50.0000000,50.0000000,0.0000000,0.0000000,0.8000000,0.8000000
3.74,50.0000000,50.0000000,0.0000000,0.0000000,0.8000000,0.8000000
3.75,50.0000000,50.0000000,0.0000000,0.0000000,0.8000000,0.8000000
3.76,50.0000000,50.0000000,0.0000000,0.0000000,0.8000000,0.8000000
3.77,50.0000000,50.0000000,0.0000000,0.0000000,0.8000000,0.8000000
3.78,50.0000000,50.0000000,0.0000000,0.0000000,0.8000000,0.8000000
3.79,50.0000000,50.0000000,0.0000000,0.0000000,0.8000000,0.8000000
3.80,50.0000000,50.0000000,0.0000000,0.0000000,0.8000000,0.8000000
3.81,50.0000000,50.0000000,0.0000000,0.0000000,0.8000000,0.8000000
3.82,50.0000000,50.0000000,0.0000000,0.0000000,0.8000000,0.8000000
3.83,50.0000000,50.0000000,0.0000000,0.0000000,0.8000000,0.8000000
3.84,50.0000000,50.0000000,0.0000000,0.0000000,0.8000000,0.8000000
3.85,50.0000000,50.0000000,0.0000000,0.0000000,0.8000000,0.8000000
3.86,50.0000000,50.0000000,0.0000000,0.0000000,0.8000000,0.8000000
3.87,50.0000000,50.0000000,0.0000000,0.0000000,0.8000000,0.8000000
3.88,50.0000000,50.0000000,0.0000000,0.0000000,0.8000000,0.8000000
3.89,50.0000000,50.0000000,0.0000000,0.0000000,0.8000000,0.8000000
3.90,50.0000000,50.0000000,0.0000000,0.0000000,0.8000000,0.8000000
3.91,50.0000000,50.0000000,0.0000000,0.0000000,0.8000000,0.8000000
3.92,50.0000000,50.0000000,0.0000000,0.0000000,0.8000000,0.8000000
3.93,50.0000000,50.0000000,0.0000000,0.0000000,0.8000000,0.8000000
3.94,50.0000000,50.0000000,0.0000000,0.0000000,0.8000000,0.8000000
3.95,50.0000000,50.0000000,0.0000000,0.0000000,0.8000000,0.8000000
3.96,50.0000000,50.0000000,0.0000000,0.0000000,0.8000000,0.8000000
3.97,50.0000000,50.0000000,0.0000000,0.0000000,0.8000000,0.8000000
3.98,50.0000000,50.0000000,0.0000000,0.0000000,0.8000000,0.8000000
3.99,50.0000000,50.0000000,0.0000000,0.0000000,0.8000000,0.8000000
4.00,50.0000000,50.0000000,0.0000000,0.0000000,0.8000000,0.8000000
4.01,50.0000000,50.0000000,0.0000000,0.0000000,0.8000000,0.8000000
4.02,50.0000000,50.0000000,0.0000000,0.0000000,0.8000000,0.8000000
4.03,50.0000000,50.0000000,0.0000000,0.0000000,0.8000000,0.8000000
4.04,50.0000000,50.0000000,0.0000000,0.0000000,0.8000000,0.8000000
4.05,50.0000000,50.0000000,0.0000000,0.0000000,0.8000000,0.8000000
4.06,50.0000000,50.0000000,0.0000000,0.0000000,0.8000000,0.8000000
4.07,50.0000000,50.0000000,0.0000000,0.0000000,0.8000000,0.8000000
4.08,50.0000000,50.0000000,0.0000000,0.0000000,0.8000000,0.8000000
4.09,50.0000000,50.0000000,0.0000000,0.0000000,0.8000000,0.8000000
4.10,50.0000000,50.0000000,0.0000000,0.0000000,0.8000000,0.8000000
4.11,50.0000000,50.0000000,0.0000000,0.0000000,0.8000000,0.8000000
4.12,50.0000000,50.0000000,0.0000000,0.0000000,0.8000000,0.8000000
4.13,50.0000000,50.0000000,0.0000000,0.0000000,0.8000000,0.8000000
4.14,50.0000000,50.0000000,0.0000000,0.0000000,0.8000000,0.8000000
4.15,50.0000000,50.0000000,0.0000000,0.0000000,0.8000000,0.8000000
4.16,50.0000000,50.0000000,0.0000000,0.0000000,0.8000000,0.8000000
4.17,50.0000000,50.0000000,0.0000000,0.0000000,0.8000000,0.8000000
4.18,50.0000000,50.0000000,0.0000000,0.0000000,0.8000000,0.8000000
4.19,50.0000000,50.0000000,0.0000000,0.0000000,0.8000000,0.8000000
4.20,50.0000000,50.0000000,0.0000000,0.0000000,0.8000000,0.8000000
4.21,50.0000000,50.0000000,0.0000000,0.0000000,0.8000000,0.8000000
4.22,50.0000000,50.0000000,0.0000000,0.0000000,0.8000000,0.8000000
4.23,50.0000000,50.0000000,0.0000000,0.0000000,0.8000000,0.8000000
4.24,50.0000000,50.0000000,0.0000000,0.0000000,0.8000000,0.8000000
4.25,50.0000000,50.0000000,0.0000000,0.0000000,0.8000000,0.8000000
4.26,50.0000000,50.0000000,0.0000000,0.0000000,0.8000000,0.8000000
4.27,50.0000000,50.0000000,0.0000000,0.0000000,0.8000000,0.8000000
4.28,50.0000000,50.0000000,0.0000000,0.0000000,0.8000000,0.8000000
4.29,50.0000000,50.0000000,0.0000000,0.0000000,0.8000000,0.8000000
4.30,50.0000000,50.0000000,0.0000000,0.0000000,0.8000000,0.8000000
4.31,50.0000000,50.0000000,0.0000000,0.0000000,0.8000000,0.8000000
4.32,50.0000000,50.0000000,0.0000000,0.0000000,0.8000000,0.8000000
4.33,50.0000000,50.0000000,0.0000000,0.0000000,0.8000000,0.8000000
4.34,50.0000000,50.0000000,0.0000000,0.0000000,0.8000000,0.8000000
4.35,50.0000000,50.0000000,0.0000000,0.0000000,0.8000000,0.8000000
4.36,50.0000000,50.0000000,0.0000000,0.0000000,0.8000000,0.8000000
4.37,50.0000000,50.0000000,0.0000000,0.0000000,0.8000000,0.8000000
4.38,50.0000000,50.0000000,0.0000000,0.0000000,0.8000000,0.8000000
4.39,50.0000000,50.0000000,0.0000000,0.0000000,0.8000000,0.8000000
4.40,50.0000000,50.0000000,0.0000000,0.0000000,0.8000000,0.8000000
4.41,50.0000000,50.0000000,0.0000000,0.0000000,0.8000000,0.8000000
4.42,50.0000000,50.0000000,0.0000000,0.0000000,0.8000000,0.8000000
4.43,50.0000000,50.0000000,0.0000000,0.0000000,0.8000000,0.8000000
4.44,50.0000000,50.0000000,0.0000000,0.0000000,0.8000000,0.8000000
4.45,50.0000000,50.0000000,0.0000000,0.0000000,0.8000000,0.8000000
4.46,50.0000000,50.0000000,0.0000000,0.0000000,0.8000000,0.8000000
4.47,50.0000000,50.0000000,0.0000000,0.0000000,0.8000000,0.8000000
4.48,50.0000000,50.0000000,0.0000000,0.0000000,0.8000000,0.8000000
4.49,50.0000000,50.0000000,0.0000000,0.0000000,0.8000000,0.8000000
4.50,50.0000000,50.0000000,0.0000000,0.0000000,0.8000000,0.8000000
4.51,50.0000000,50.0000000,0.0000000,0.0000000,0.8000000,0.8000000
4.52,50.0000000,50.0000000,0.0000000,0.0000000,0.8000000,0.8000000
4.53,50.0000000,50.0000000,0.0000000,0.0000000,0.8000000,0.8000000
4.54,50.0000000,50.0000000,0.0000000,0.0000000,0.8000000,0.8000000
4.55,50.0000000,50.0000000,0.0000000,0.0000000,0.8000000,0.8000000
4.56,50.0000000,50.0000000,0.0000000,0.0000000,0.8000000,0.8000000
4.57,50.0000000,50.0000000,0.0000000,0.0000000,0.8000000,0.8000000
4.58,50.0000000,50.0000000,0.0000000,0.0000000,0.8000000,0.8000000
4.59,50.0000000,50.0000000,0.0000000,0.0000000,0.8000000,0.8000000
4.60,50.0000000,50.0000000,0.0000000,0.0000000,0.8000000,0.8000000
4.61,50.0000000,50.0000000,0.0000000,0.0000000,0.8000000,0.8000000
4.62,50.0000000,50.0000000,0.0000000,0.0000000,0.8000000,0.8000000
4.63,50.0000000,50.0000000,0.0000000,0.0000000,0.8000000,0.8000000
4.64,50.0000000,50.0000000,0.0000000,0.0000000,0.8000000,0.8000000
4.65,50.0000000,50.0000000,0.0000000,0.0000000,0.8000000,0.8000000
4.66,50.0000000,50.0000000,0.0000000,0.0000000,0.8000000,0.8000000
4.67,50.0000000,50.0000000,0.0000000,0.0000000,0.8000000,0.8000000
4.68,50.0000000,50.0000000,0.0000000,0.0000000,0.8000000,0.8000000
4.69,50.0000000,50.0000000,0.0000000,0.0000000,0.8000000,0.8000000
4.70,50.0000000,50.0000000,0.0000000,0.0000000,0.8000000,0.8000000
4.71,50.0000000,50.0000000,0.0000000,0.0000000,0.8000000,0.8000000
4.72,50.0000000,50.0000000,0.0000000,0.0000000,0.8000000,0.8000000
4.73,50.0000000,50.0000000,0.0000000,0.0000000,0.8000000,0.8000000
4.74,50.0000000,50.0000000,0.0000000,0.0000000,0.8000000,0.8000000
4.75,50.0000000,50.0000000,0.0000000,0.0000000,0.8000000,0.8000000
4.76,50.0000000,50.0000000,0.0000000,0.0000000,0.8000000,0.8000000
4.77,50.0000000,50.0000000,0.0000000,0.0000000,0.8000000,0.8000000
4.78,50.0000000,50.0000000,0.0000000,0.0000000,0.8000000,0.8000000
4.79,50.0000000,50.0000000,0.0000000,0.0000000,0.8000000,0.8000000
4.80,50.0000000,50.0000000,0.0000000,0.0000000,0.8000000,0.8000000
4.81,50.0000000,50.0000000,0.0000000,0.0000000,0.8000000,0.8000000
4.82,50.0000000,50.0000000,0.0000000,0.0000000,0.8000000,0.8000000
4.83,50.0000000,50.0000000,0.0000000,0.0000000,0.8000000,0.8000000
4.84,50.0000000,50.0000000,0.0000000,0.0000000,0.8000000,0.8000000
4.85,50.0000000,50.0000000,0.0000000,0.0000000,0.8000000,0.8000000
4.86,50.0000000,50.0000000,0.0000000,0.0000000,0.8000000,0.8000000
4.87,50.0000000,50.0000000,0.0000000,0.0000000,0.8000000,0.8000000
4.88,50.0000000,50.0000000,0.0000000,0.0000000,0.8000000,0.8000000
4.89,50.0000000,50.0000000,0.0000000,0.0000000,0.8000000,0.8000000
4.90,50.0000000,50.0000000,0.0000000,0.0000000,0.8000000,0.8000000
4.91,50.0000000,50.0000000,0.0000000,0.0000000,0.8000000,0.8000000
4.92,50.0000000,50.0000000,0.0000000,0.0000000,0.8000000,0.8000000
4.93,50.0000000,50.0000000,0.0000000,0.0000000,0.8000000,0.8000000
4.94,50.0000000,50.0000000,0.0000000,0.0000000,0.8000000,0.8000000
4.95,50.0000000,50.0000000,0.0000000,0.0000000,0.8000000,0.8000000
4.96,50.0000000,50.0000000,0.0000000,0.0000000,0.8000000,0.8000000
4.97,50.0000000,50.0000000,0.0000000,0.0000000,0.8000000,0.8000000
4.98,50.0000000,50.0000000,0.0000000,0.0000000,0.8000000,0.8000000
4.99,50.0000000,50.0000000,0.0000000,0.0000000,0.8000000,0.8000000
5.00,49.9989583,49.9989583,0.0000000,0.0000000,0.8000000,0.8000000
5.01,49.9927135,49.9927135,0.0000002,0.0000000,0.8000413,0.8000004
5.02,49.9864766,49.9864765,0.0000010,0.0000000,0.8001431,0.8000023
5.03,49.9802475,49.9802473,0.0000032,0.0000001,0.8003041,0.8000068
5.04,49.9740264,49.9740259,0.0000072,0.0000002,0.8005225,0.8000147
5.05,49.9678134,49.9678123,0.0000137,0.0000004,0.8007969,0.8000266
5.06,49.9616086,49.9616064,0.0000231,0.0000007,0.8011259,0.8000430
5.07,49.9554123,49.9554084,0.0000359,0.0000012,0.8015080,0.8000642
5.08,49.9492247,49.9492181,0.0000527,0.0000020,0.8019418,0.8000905
5.09,49.9430459,49.9430356,0.0000738,0.0000030,0.8024259,0.8001221
5.10,49.9368764,49.9368609,0.0000999,0.0000044,0.8029591,0.8001592
5.11,49.9307163,49.9306940,0.0001312,0.0000061,0.8035400,0.8002018
5.12,49.9245661,49.9245349,0.0001682,0.0000083,0.8041674,0.8002500
5.13,49.9184260,49.9183837,0.0002113,0.0000110,0.8048399,0.8003039
5.14,49.9122966,49.9122403,0.0002609,0.0000142,0.8055565,0.8003635
5.15,49.9061781,49.9061049,0.0003173,0.0000180,0.8063158,0.8004288
5.16,49.9000709,49.8999773,0.0003809,0.0000224,0.8071167,0.8004997
5.17,49.8939756,49.8938577,0.0004521,0.0000275,0.8079581,0.8005764
5.18,49.8878927,49.8877461,0.0005312,0.0000334,0.8088389,0.8006587
5.19,49.8818225,49.8816426,0.0006184,0.0000401,0.8097580,0.8007467
5.20,49.8757656,49.8755470,0.0007141,0.0000476,0.8107142,0.8008402
5.21,49.8697225,49.8694596,0.0008185,0.0000559,0.8117066,0.8009394
5.22,49.8636938,49.8633804,0.0009319,0.0000652,0.8127341,0.8010440
5.23,49.8576799,49.8573094,0.0010546,0.0000755,0.8137957,0.8011542
5.24,49.8516816,49.8512466,0.0011868,0.0000868,0.8148904,0.8012698
5.25,49.8456993,49.8451921,0.0013288,0.0000992,0.8160172,0.8013908
5.26,49.8397336,49.8391460,0.0014807,0.0001127,0.8171752,0.8015172
5.27,49.8337852,49.8331084,0.0016427,0.0001273,0.8183635,0.8016489
5.28,49.8278547,49.8270792,0.0018151,0.0001431,0.8195811,0.8017859
5.29,49.8219427,49.8210586,0.0019981,0.0001602,0.8208270,0.8019281
5.30,49.8160498,49.8150466,0.0021918,0.0001785,0.8221006,0.8020756
5.31,49.8101768,49.8090433,0.0023963,0.0001981,0.8234007,0.8022282
5.32,49.8043242,49.8030488,0.0026119,0.0002191,0.8247267,0.8023859
5.33,49.7984927,49.7970631,0.0028387,0.0002415,0.8260776,0.8025486
5.34,49.7926830,49.7910863,0.0030767,0.0002653,0.8274527,0.8027164
5.35,49.7868958,49.7851186,0.0033262,0.0002905,0.8288511,0.8028892
5.36,49.7811317,49.7791599,0.0035873,0.0003172,0.8302720,0.8030669
5.37,49.7753916,49.7732103,0.0038599,0.0003455,0.8317146,0.8032495
5.38,49.7696760,49.7672701,0.0041444,0.0003753,0.8331781,0.8034370
5.39,49.7639857,49.7613391,0.0044406,0.0004068,0.8346619,0.8036292
5.40,49.7583214,49.7554176,0.0047488,0.0004398,0.8361651,0.8038263
5.41,49.7526837,49.7495056,0.0050690,0.0004745,0.8376870,0.8040280
5.42,49.7470735,49.7436032,0.0054012,0.0005109,0.8392268,0.8042345
5.43,49.7414914,49.7377105,0.0057455,0.0005490,0.8407839,0.8044456
5.44,49.7359382,49.7318275,0.0061020,0.0005888,0.8423576,0.8046613
5.45,49.7304146,49.7259545,0.0064706,0.0006304,0.8439470,0.8048816
5.46,49.7249212,49.7200915,0.0068515,0.0006738,0.8455517,0.8051063
5.47,49.7194590,49.7142386,0.0072447,0.0007191,0.8471708,0.8053356
5.48,49.7140284,49.7083958,0.0076501,0.0007662,0.8488037,0.8055693
5.49,49.7086304,49.7025634,0.0080677,0.0008152,0.8504498,0.8058075
5.50,49.7032656,49.6967413,0.0084977,0.0008660,0.8521084,0.8060499
5.51,49.6979347,49.6909298,0.0089399,0.0009188,0.8537789,0.8062967
5.52,49.6926385,49.6851289,0.0093945,0.0009736,0.8554606,0.8065478
5.53,49.6873776,49.6793387,0.0098613,0.0010303,0.8571529,0.8068032
5.54,49.6821529,49.6735594,0.0103403,0.0010891,0.8588552,0.8070627
5.55,49.6769650,49.6677910,0.0108316,0.0011498,0.8605669,0.8073264
5.56,49.6718147,49.6620337,0.0113350,0.0012126,0.8622873,0.8075943
5.57,49.6667026,49.6562875,0.0118506,0.0012775,0.8640160,0.8078662
5.58,49.6616295,49.6505527,0.0123783,0.0013444,0.8657523,0.8081422
5.59,49.6565960,49.6448292,0.0129181,0.0014134,0.8674956,0.8084222
5.60,49.6516030,49.6391173,0.0134698,0.0014846,0.8692454,0.8087062
5.61,49.6466510,49.6334171,0.0140335,0.0015579,0.8710011,0.8089941
5.62,49.6417408,49.6277286,0.0146092,0.0016333,0.8727621,0.8092860
5.63,49.6368730,49.6220519,0.0151966,0.0017109,0.8745280,0.8095817
5.64,49.6320484,49.6163873,0.0157958,0.0017907,0.8762981,0.8098812
5.65,49.6272676,49.6107349,0.0164066,0.0018727,0.8780719,0.8101846
5.66,49.6225313,49.6050946,0.0170290,0.0019570,0.8798490,0.8104917
5.67,49.6178401,49.5994668,0.0176630,0.0020434,0.8816287,0.8108025
5.68,49.6131948,49.5938514,0.0183083,0.0021322,0.8834106,0.8111170
5.69,49.6085959,49.5882487,0.0189650,0.0022231,0.8851941,0.8114351
5.70,49.6040441,49.5826587,0.0196329,0.0023164,0.8869788,0.8117569
5.71,49.5995401,49.5770817,0.0203119,0.0024120,0.8887641,0.8120822
5.72,49.5950845,49.5715176,0.0210019,0.0025098,0.8905496,0.8124111
5.73,49.5906778,49.5659666,0.0217028,0.0026100,0.8923348,0.8127435
5.74,49.5863208,49.5604289,0.0224145,0.0027125,0.8941192,0.8130794
5.75,49.5820140,49.5549047,0.0231368,0.0028173,0.8959023,0.8134187
5.76,49.5777581,49.5493939,0.0238697,0.0029245,0.8976836,0.8137614
5.77,49.5735535,49.5438968,0.0246131,0.0030341,0.8994628,0.8141075
5.78,49.5694010,49.5384135,0.0253667,0.0031460,0.9012393,0.8144569
5.79,49.5653011,49.5329440,0.0261305,0.0032603,0.9030126,0.8148096
5.80,49.5612543,49.5274887,0.0269043,0.0033770,0.9047825,0.8151656
5.81,49.5572612,49.5220475,0.0276880,0.0034961,0.9065483,0.8155248
5.82,49.5533223,49.5166206,0.0284815,0.0036176,0.9083097,0.8158872
5.83,49.5494382,49.5112082,0.0292845,0.0037415,0.9100662,0.8162528
5.84,49.5456094,49.5058103,0.0300970,0.0038678,0.9118175,0.8166215
5.85,49.5418365,49.5004272,0.0309189,0.0039965,0.9135630,0.8169932
5.86,49.5381199,49.4950589,0.0317499,0.0041277,0.9153024,0.8173681
5.87,49.5344601,49.4897055,0.0325899,0.0042613,0.9170354,0.8177460
5.88,49.5308576,49.4843673,0.0334387,0.0043974,0.9187613,0.8181269
5.89,49.5273129,49.4790443,0.0342963,0.0045359,0.9204800,0.8185107
5.90,49.5238265,49.4737367,0.0351623,0.0046769,0.9221909,0.8188975
5.91,49.5203988,49.4684446,0.0360368,0.0048203,0.9238938,0.8192871
5.92,49.5170303,49.4631682,0.0369194,0.0049662,0.9255882,0.8196797
5.93,49.5137213,49.4579075,0.0378101,0.0051146,0.9272737,0.8200750
5.94,49.5104724,49.4526628,0.0387086,0.0052655,0.9289499,0.8204732
5.95,49.5072838,49.4474341,0.0396149,0.0054188,0.9306166,0.8208741
5.96,49.5041561,49.4422216,0.0405286,0.0055746,0.9322733,0.8212778
5.97,49.5010897,49.4370254,0.0414497,0.0057328,0.9339197,0.8216841
5.98,49.4980848,49.4318457,0.0423779,0.0058936,0.9355494,0.8220932
5.99,49.4951418,49.4266826,0.0433130,0.0060568,0.9371407,0.8225048
6.00,49.4922611,49.4215361,0.0442543,0.0062226,0.9386927,0.8229191
6.01,49.4894430,49.4164066,0.0452016,0.0063908,0.9402064,0.8233360
6.02,49.4866878,49.4112940,0.0461543,0.0065615,0.9416827,0.8237553
6.03,49.4839957,49.4061986,0.0471120,0.0067346,0.9431226,0.8241772
6.04,49.4813669,49.4011204,0.0480744,0.0069103,0.9445269,0.8246016
6.05,49.4788016,49.3960596,0.0490410,0.0070885,0.9458965,0.8250284
6.06,49.4763001,49.3910163,0.0500114,0.0072691,0.9472323,0.8254577
6.07,49.4738623,49.3859907,0.0509853,0.0074522,0.9485352,0.8258893
6.08,49.4714886,49.3809829,0.0519622,0.0076378,0.9498059,0.8263233
6.09,49.4691789,49.3759931,0.0529420,0.0078259,0.9510452,0.8267596
6.10,49.4669334,49.3710212,0.0539242,0.0080165,0.9522539,0.8271982
6.11,49.4647521,49.3660676,0.0549085,0.0082096,0.9534327,0.8276390
6.12,49.4626351,49.3611323,0.0558946,0.0084051,0.9545825,0.8280821
6.13,49.4605824,49.3562155,0.0568822,0.0086031,0.9557038,0.8285274
6.14,49.4585939,49.3513172,0.0578709,0.0088036,0.9567975,0.8289748
6.15,49.4566698,49.3464377,0.0588606,0.0090065,0.9578642,0.8294244
6.16,49.4548098,49.3415770,0.0598509,0.0092119,0.9589045,0.8298761
6.17,49.4530141,49.3367353,0.0608416,0.0094198,0.9599192,0.8303299
6.18,49.4512825,49.3319127,0.0618324,0.0096301,0.9609088,0.8307857
6.19,49.4496149,49.3271093,0.0628230,0.0098429,0.9618739,0.8312435
6.20,49.4480113,49.3223253,0.0638133,0.0100582,0.9628153,0.8317034
6.21,49.4464715,49.3175608,0.0648030,0.0102758,0.9637334,0.8321651
6.22,49.4449954,49.3128159,0.0657918,0.0104959,0.9646288,0.8326288
6.23,49.4435829,49.3080908,0.0667797,0.0107185,0.9655021,0.8330945
6.24,49.4422339,49.3033855,0.0677662,0.0109435,0.9663539,0.8335619
6.25,49.4409481,49.2987003,0.0687513,0.0111709,0.9671846,0.8340312
6.26,49.4397254,49.2940352,0.0697348,0.0114007,0.9679948,0.8345024
6.27,49.4385655,49.2893903,0.0707165,0.0116329,0.9687850,0.8349752
6.28,49.4374684,49.2847659,0.0716961,0.0118675,0.9695557,0.8354499
6.29,49.4364338,49.2801619,0.0726736,0.0121045,0.9703074,0.8359263
6.30,49.4354615,49.2755786,0.0736488,0.0123439,0.9710405,0.8364043
6.31,49.4345512,49.2710160,0.0746214,0.0125857,0.9717555,0.8368840
6.32,49.4337027,49.2664743,0.0755914,0.0128299,0.9724529,0.8373654
6.33,49.4329158,49.2619536,0.0765586,0.0130764,0.9731330,0.8378484
6.34,49.4321901,49.2574540,0.0775228,0.0133253,0.9737964,0.8383329
6.35,49.4315255,49.2529757,0.0784840,0.0135766,0.9744433,0.8388190
6.36,49.4309217,49.2485187,0.0794420,0.0138302,0.9750743,0.8393066
6.37,49.4303784,49.2440832,0.0803966,0.0140861,0.9756897,0.8397956
6.38,49.4298953,49.2396693,0.0813478,0.0143444,0.9762900,0.8402862
6.39,49.4294720,49.2352771,0.0822954,0.0146050,0.9768754,0.8407782
6.40,49.4291084,49.2309067,0.0832394,0.0148678,0.9774463,0.8412715
6.41,49.4288041,49.2265583,0.0841795,0.0151330,0.9780032,0.8417663
6.42,49.4285587,49.2222320,0.0851158,0.0154005,0.9785463,0.8422624
6.43,49.4283721,49.2179279,0.0860481,0.0156703,0.9790760,0.8427598
6.44,49.4282437,49.2136460,0.0869763,0.0159423,0.9795926,0.8432585
6.45,49.4281734,49.2093866,0.0879004,0.0162166,0.9800964,0.8437584
6.46,49.4281607,49.2051497,0.0888202,0.0164931,0.9805879,0.8442584
6.47,49.4282054,49.2009354,0.0897357,0.0167719,0.9810672,0.8447584
6.48,49.4283070,49.1967438,0.0906468,0.0170528,0.9815346,0.8452584
6.49,49.4284654,49.1925752,0.0915535,0.0173360,0.9819905,0.8457584
6.50,49.4286800,49.1884294,0.0924555,0.0176213,0.9824352,0.8462584
6.51,49.4289505,49.1843068,0.0933530,0.0179087,0.9828689,0.8467584
6.52,49.4292766,49.1802073,0.0942458,0.0181983,0.9832918,0.8472584
6.53,49.4296579,49.1761311,0.0951339,0.0184899,0.9837043,0.8477584
6.54,49.4300941,49.1720782,0.0960172,0.0187836,0.9841067,0.8482584
6.55,49.4305847,49.1680489,0.0968957,0.0190794,0.9844991,0.8487584
6.56,49.4311294,49.1640431,0.0977693,0.0193772,0.9848818,0.8492584
6.57,49.4317279,49.1600609,0.0986379,0.0196770,0.9852551,0.8497584
6.58,49.4323797,49.1561026,0.0995016,0.0199788,0.9856191,0.8502584
6.59,49.4330845,49.1521681,0.1003603,0.0202826,0.9859742,0.8507584
6.60,49.4338419,49.1482575,0.1012139,0.0205883,0.9863205,0.8512584
6.61,49.4346515,49.1443710,0.1020624,0.0208960,0.9866582,0.8517584
6.62,49.4355130,49.1405086,0.1029058,0.0212056,0.9869877,0.8522584
6.63,49.4364258,49.1366704,0.1037440,0.0215170,0.9873089,0.8527584
6.64,49.4373898,49.1328566,0.1045771,0.0218304,0.9876223,0.8532584
6.65,49.4384044,49.1290671,0.1054049,0.0221456,0.9879279,0.8537584
6.66,49.4394693,49.1253022,0.1062275,0.0224626,0.9882259,0.8542584
6.67,49.4405840,49.1215617,0.1070449,0.0227815,0.9885166,0.8547584
6.68,49.4417483,49.1178460,0.1078570,0.0231022,0.9888002,0.8552584
6.69,49.4429616,49.1141549,0.1086637,0.0234246,0.9890767,0.8557584
6.70,49.4442237,49.1104887,0.1094652,0.0237488,0.9893464,0.8562584
6.71,49.4455341,49.1068473,0.1102614,0.0240748,0.9896094,0.8567584
6.72,49.4468924,49.1032309,0.1110522,0.0244025,0.9898660,0.8572584
6.73,49.4482983,49.0996396,0.1118376,0.0247319,0.9901162,0.8577584
6.74,49.4497512,49.0960734,0.1126177,0.0250630,0.9903602,0.8582584
6.75,49.4512510,49.0925323,0.1133925,0.0253958,0.9905982,0.8587584
6.76,49.4527970,49.0890165,0.1141619,0.0257303,0.9908304,0.8592584
6.77,49.4543891,49.0855261,0.1149258,0.0260664,0.9910568,0.8597584
6.78,49.4560267,49.0820610,0.1156845,0.0264041,0.9912776,0.8602584
6.79,49.4577094,49.0786215,0.1164377,0.0267435,0.9914929,0.8607584
6.80,49.4594370,49.0752074,0.1171856,0.0270844,0.9917030,0.8612584
6.81,49.4612089,49.0718190,0.1179281,0.0274269,0.9919078,0.8617584
6.82,49.4630248,49.0684563,0.1186652,0.0277710,0.9921076,0.8622584
6.83,49.4648844,49.0651193,0.1193969,0.0281167,0.9923025,0.8627584
6.84,49.4667871,49.0618081,0.1201233,0.0284639,0.9924925,0.8632584
6.85,49.4687327,49.0585228,0.1208443,0.0288126,0.9926779,0.8637584
6.86,49.4707207,49.0552634,0.1215600,0.0291628,0.9928587,0.8642584
6.87,49.4727507,49.0520300,0.1222703,0.0295145,0.9930350,0.8647584
6.88,49.4748225,49.0488226,0.1229753,0.0298677,0.9932070,0.8652584
6.89,49.4769355,49.0456414,0.1236749,0.0302223,0.9933747,0.8657584
6.90,49.4790894,49.0424863,0.1243693,0.0305784,0.9935383,0.8662584
6.91,49.4812838,49.0393575,0.1250583,0.0309359,0.9936978,0.8667584
6.92,49.4835183,49.0362549,0.1257420,0.0312948,0.9938534,0.8672584
6.93,49.4857926,49.0331787,0.1264205,0.0316552,0.9940052,0.8677584
6.94,49.4881063,49.0301289,0.1270937,0.0320169,0.9941532,0.8682584
6.95,49.4904589,49.0271055,0.1277617,0.0323800,0.9942975,0.8687584
6.96,49.4928502,49.0241087,0.1284245,0.0327444,0.9944383,0.8692584
6.97,49.4952797,49.0211383,0.1290820,0.0331103,0.9945756,0.8697584
6.98,49.4977471,49.0181946,0.1297343,0.0334774,0.9947096,0.8702584
6.99,49.5002520,49.0152775,0.1303815,0.0338459,0.9948398,0.8707584
7.00,49.5027941,49.0123872,0.1310235,0.0342156,0.9949521,0.8712584
7.01,49.5053729,49.0095235,0.1316600,0.0345867,0.9950364,0.8717584
7.02,49.5079880,49.0066867,0.1322909,0.0349591,0.9950930,0.8722584
7.03,49.5106391,49.0038767,0.1329160,0.0353327,0.9951221,0.8727584
7.04,49.5133258,49.0010936,0.1335350,0.0357076,0.9951242,0.8732584
7.05,49.5160475,48.9983375,0.1341477,0.0360837,0.9950995,0.8737584
7.06,49.5188040,48.9956083,0.1347539,0.0364611,0.9950484,0.8742584
7.07,49.5215946,48.9929061,0.1353535,0.0368397,0.9949711,0.8747584
7.08,49.5244190,48.9902310,0.1359462,0.0372194,0.9948680,0.8752584
7.09,49.5272767,48.9875830,0.1365319,0.0376004,0.9947394,0.8757584
7.10,49.5301671,48.9849621,0.1371103,0.0379826,0.9945856,0.8762584
7.11,49.5330899,48.9823684,0.1376813,0.0383659,0.9944069,0.8767584
7.12,49.5360444,48.9798019,0.1382448,0.0387504,0.9942036,0.8772584
7.13,49.5390302,48.9772627,0.1388005,0.0391361,0.9939759,0.8777584
7.14,49.5420467,48.9747508,0.1393482,0.0395229,0.9937243,0.8782584
7.15,49.5450934,48.9722662,0.1398879,0.0399108,0.9934489,0.8787584
7.16,49.5481698,48.9698090,0.1404194,0.0402998,0.9931500,0.8792584
7.17,49.5512752,48.9673792,0.1409425,0.0406900,0.9928281,0.8797584
7.18,49.5544092,48.9649768,0.1414571,0.0410812,0.9924832,0.8802584
7.19,49.5575712,48.9626019,0.1419630,0.0414735,0.9921158,0.8807584
7.20,49.5607605,48.9602545,0.1424601,0.0418669,0.9917261,0.8812584
7.21,49.5639766,48.9579346,0.1429482,0.0422613,0.9913144,0.8817584
7.22,49.5672189,48.9556423,0.1434274,0.0426568,0.9908810,0.8822584
7.23,49.5704867,48.9533776,0.1438973,0.0430534,0.9904261,0.8827584
7.24,49.5737796,48.9511406,0.1443579,0.0434509,0.9899500,0.8832584
7.25,49.5770968,48.9489312,0.1448091,0.0438495,0.9894531,0.8837584
7.26,49.5804378,48.9467494,0.1452507,0.0442491,0.9889355,0.8842584
7.27,49.5838019,48.9445954,0.1456827,0.0446497,0.9883976,0.8847584
7.28,49.5871884,48.9424692,0.1461050,0.0450513,0.9878397,0.8852584
7.29,49.5905968,48.9403707,0.1465174,0.0454538,0.9872620,0.8857584
7.30,49.5940264,48.9383000,0.1469199,0.0458574,0.9866647,0.8862584
7.31,49.5974765,48.9362571,0.1473123,0.0462619,0.9860483,0.8867584
7.32,49.6009465,48.9342421,0.1476945,0.0466673,0.9854129,0.8872584
7.33,49.6044357,48.9322549,0.1480666,0.0470737,0.9847588,0.8877584
7.34,49.6079435,48.9302957,0.1484284,0.0474810,0.9840863,0.8882584
7.35,49.6114692,48.9283643,0.1487797,0.0478892,0.9833957,0.8887584
7.36,49.6150121,48.9264609,0.1491207,0.0482984,0.9826873,0.8892584
7.37,49.6185715,48.9245855,0.1494511,0.0487084,0.9819612,0.8897584
7.38,49.6221468,48.9227380,0.1497708,0.0491194,0.9812179,0.8902584
7.39,49.6257373,48.9209185,0.1500800,0.0495312,0.9804575,0.8907584
7.40,49.6293422,48.9191271,0.1503784,0.0499439,0.9796803,0.8912584
7.41,49.6329610,48.9173637,0.1506660,0.0503575,0.9788867,0.8917584
7.42,49.6365928,48.9156284,0.1509428,0.0507719,0.9780769,0.8922584
7.43,49.6402371,48.9139212,0.1512087,0.0511872,0.9772511,0.8927584
7.44,49.6438931,48.9122420,0.1514636,0.0516033,0.9764097,0.8932584
7.45,49.6475601,48.9105910,0.1517076,0.0520203,0.9755528,0.8937584
7.46,49.6512374,48.9089681,0.1519405,0.0524381,0.9746809,0.8942584
7.47,49.6549243,48.9073733,0.1521624,0.0528567,0.9737941,0.8947584
7.48,49.6586202,48.9058067,0.1523731,0.0532761,0.9728928,0.8952584
7.49,49.6623242,48.9042683,0.1525727,0.0536964,0.9719772,0.8957584
7.50,49.6660357,48.9027581,0.1527612,0.0541174,0.9710476,0.8962584
7.51,49.6697540,48.9012761,0.1529385,0.0545392,0.9701042,0.8967584
7.52,49.6734784,48.8998223,0.1531045,0.0549618,0.9691474,0.8972584
7.53,49.6772081,48.8983968,0.1532593,0.0553851,0.9681773,0.8977584
7.54,49.6809425,48.8969995,0.1534029,0.0558092,0.9671944,0.8982584
7.55,49.6846809,48.8956304,0.1535351,0.0562341,0.9661989,0.8987581
7.56,49.6884225,48.8942897,0.1536561,0.0566597,0.9651909,0.8992564
7.57,49.6921666,48.8929772,0.1537658,0.0570860,0.9641710,0.8997534
7.58,49.6959126,48.8916930,0.1538642,0.0575130,0.9631392,0.9002489
7.59,49.6996596,48.8904371,0.1539513,0.0579407,0.9620958,0.9007430
7.60,49.7034071,48.8892095,0.1540271,0.0583691,0.9610413,0.9012357
7.61,49.7071543,48.8880102,0.1540916,0.0587981,0.9599757,0.9017269
7.62,49.7109004,48.8868392,0.1541448,0.0592276,0.9588995,0.9022165
7.63,49.7146449,48.8856965,0.1541867,0.0596578,0.9578128,0.9027047
7.64,49.7183869,48.8845822,0.1542173,0.0600886,0.9567160,0.9031913
7.65,49.7221259,48.8834962,0.1542367,0.0605199,0.9556094,0.9036764
7.66,49.7258610,48.8824384,0.1542448,0.0609517,0.9544931,0.9041599
7.67,49.7295916,48.8814090,0.1542417,0.0613840,0.9533676,0.9046419
7.68,49.7333170,48.8804079,0.1542273,0.0618168,0.9522330,0.9051222
7.69,49.7370365,48.8794351,0.1542018,0.0622501,0.9510897,0.9056009
7.70,49.7407494,48.8784906,0.1541651,0.0626839,0.9499379,0.9060780
7.71,49.7444550,48.8775744,0.1541172,0.0631180,0.9487779,0.9065535
7.72,49.7481527,48.8766864,0.1540583,0.0635526,0.9476100,0.9070273
7.73,49.7518417,48.8758267,0.1539883,0.0639875,0.9464345,0.9074994
7.74,49.7555214,48.8749953,0.1539072,0.0644228,0.9452515,0.9079698
7.75,49.7591911,48.8741921,0.1538152,0.0648584,0.9440615,0.9084385
7.76,49.7628501,48.8734171,0.1537122,0.0652944,0.9428647,0.9089055
7.77,49.7664977,48.8726703,0.1535983,0.0657306,0.9416614,0.9093707
7.78,49.7701334,48.8719517,0.1534735,0.0661672,0.9404518,0.9098342
7.79,49.7737564,48.8712613,0.1533378,0.0666040,0.9392362,0.9102959
7.80,49.7773660,48.8705991,0.1531914,0.0670410,0.9380150,0.9107559
7.81,49.7809617,48.8699649,0.1530343,0.0674783,0.9367883,0.9112140
7.82,49.7845427,48.8693589,0.1528665,0.0679157,0.9355564,0.9116703
7.83,49.7881084,48.8687810,0.1526881,0.0683534,0.9343197,0.9121248
7.84,49.7916582,48.8682311,0.1524992,0.0687911,0.9330783,0.9125775
7.85,49.7951914,48.8677093,0.1522997,0.0692291,0.9318327,0.9130283
7.86,49.7987075,48.8672155,0.1520899,0.0696671,0.9305830,0.9134772
7.87,49.8022057,48.8667496,0.1518696,0.0701053,0.9293295,0.9139243
7.88,49.8056855,48.8663118,0.1516391,0.0705435,0.9280725,0.9143694
7.89,49.8091462,48.8659018,0.1513983,0.0709818,0.9268122,0.9148126
7.90,49.8125872,48.8655197,0.1511474,0.0714201,0.9255490,0.9152539
7.91,49.8160079,48.8651655,0.1508864,0.0718584,0.9242831,0.9156933
7.92,49.8194078,48.8648391,0.1506154,0.0722968,0.9230148,0.9161307
7.93,49.8227861,48.8645405,0.1503344,0.0727351,0.9217443,0.9165661
7.94,49.8261424,48.8642696,0.1500436,0.0731734,0.9204720,0.9169996
7.95,49.8294760,48.8640265,0.1497430,0.0736116,0.9191980,0.9174310
7.96,49.8327864,48.8638110,0.1494327,0.0740498,0.9179226,0.9178605
7.97,49.8360730,48.8636232,0.1491128,0.0744878,0.9166462,0.9182879
7.98,49.8393351,48.8634629,0.1487834,0.0749258,0.9153689,0.9187133
7.99,49.8425724,48.8633302,0.1484446,0.0753636,0.9140911,0.9191366
8.00,49.8457841,48.8632250,0.1480964,0.0758012,0.9128130,0.9195579
8.01,49.8489698,48.8631473,0.1477389,0.0762387,0.9115349,0.9199771
8.02,49.8521288,48.8630970,0.1473723,0.0766760,0.9102570,0.9203942
8.03,49.8552608,48.8630740,0.1469966,0.0771131,0.9089795,0.9208093
8.04,49.8583651,48.8630784,0.1466120,0.0775499,0.9077029,0.9212222
8.05,49.8614412,48.8631101,0.1462185,0.0779865,0.9064272,0.9216330
8.06,49.8644886,48.8631689,0.1458162,0.0784228,0.9051528,0.9220416
8.07,49.8675069,48.8632550,0.1454053,0.0788589,0.9038799,0.9224481
8.08,49.8704954,48.8633681,0.1449857,0.0792946,0.9026087,0.9228525
8.09,49.8734537,48.8635084,0.1445578,0.0797300,0.9013396,0.9232547
8.10,49.8763813,48.8636756,0.1441214,0.0801651,0.9000728,0.9236546
8.11,49.8792777,48.8638698,0.1436768,0.0805998,0.8988084,0.9240524
8.12,49.8821425,48.8640909,0.1432241,0.0810342,0.8975469,0.9244480
8.13,49.8849752,48.8643388,0.1427633,0.0814681,0.8962883,0.9248414
8.14,49.8877754,48.8646135,0.1422946,0.0819016,0.8950330,0.9252325
8.15,49.8905425,48.8649150,0.1418181,0.0823347,0.8937812,0.9256214
8.16,49.8932761,48.8652431,0.1413339,0.0827673,0.8925332,0.9260081
8.17,49.8959759,48.8655977,0.1408421,0.0831995,0.8912891,0.9263925
8.18,49.8986413,48.8659790,0.1403429,0.0836312,0.8900493,0.9267746
8.19,49.9012720,48.8663867,0.1398363,0.0840624,0.8888139,0.9271544
8.20,49.9038675,48.8668208,0.1393225,0.0844930,0.8875832,0.9275319
8.21,49.9064275,48.8672812,0.1388016,0.0849231,0.8863575,0.9279072
8.22,49.9089515,48.8677680,0.1382736,0.0853527,0.8851369,0.9282801
8.23,49.9114392,48.8682809,0.1377389,0.0857817,0.8839217,0.9286506
8.24,49.9138902,48.8688199,0.1371973,0.0862101,0.8827121,0.9290189
8.25,49.9163040,48.8693851,0.1366492,0.0866379,0.8815084,0.9293848
8.26,49.9186804,48.8699762,0.1360946,0.0870650,0.8803107,0.9297483
8.27,49.9210190,48.8705932,0.1355336,0.0874915,0.8791193,0.9301095
8.28,49.9233195,48.8712361,0.1349663,0.0879174,0.8779344,0.9304683
8.29,49.9255814,48.8719048,0.1343930,0.0883425,0.8767562,0.9308247
8.30,49.9278045,48.8725991,0.1338136,0.0887670,0.8755850,0.9311787
8.31,49.9299885,48.8733191,0.1332284,0.0891908,0.8744210,0.9315303
8.32,49.9321330,48.8740647,0.1326375,0.0896138,0.8732643,0.9318795
8.33,49.9342378,48.8748357,0.1320410,0.0900361,0.8721152,0.9322262
8.34,49.9363024,48.8756321,0.1314391,0.0904576,0.8709738,0.9325706
8.35,49.9383268,48.8764538,0.1308318,0.0908783,0.8698405,0.9329125
8.36,49.9403105,48.8773007,0.1302193,0.0912983,0.8687153,0.9332519
8.37,49.9422533,48.8781728,0.1296017,0.0917174,0.8675986,0.9335889
8.38,49.9441550,48.8790699,0.1289793,0.0921357,0.8664904,0.9339234
8.39,49.9460153,48.8799920,0.1283520,0.0925531,0.8653910,0.9342554
8.40,49.9478339,48.8809390,0.1277201,0.0929697,0.8643006,0.9345849
8.41,49.9496106,48.8819109,0.1270837,0.0933854,0.8632194,0.9349120
8.42,49.9513452,48.8829074,0.1264428,0.0938002,0.8621475,0.9352365
8.43,49.9530375,48.8839286,0.1257978,0.0942142,0.8610852,0.9355586
8.44,49.9546873,48.8849743,0.1251486,0.0946271,0.8600326,0.9358781
8.45,49.9562943,48.8860445,0.1244955,0.0950392,0.8589899,0.9361951
8.46,49.9578585,48.8871391,0.1238386,0.0954502,0.8579572,0.9365095
8.47,49.9593795,48.8882579,0.1231779,0.0958603,0.8569349,0.9368214
8.48,49.9608572,48.8894009,0.1225138,0.0962695,0.8559230,0.9371308
8.49,49.9622915,48.8905681,0.1218462,0.0966776,0.8549216,0.9374376
8.50,49.9636822,48.8917592,0.1211753,0.0970847,0.8539311,0.9377419
8.51,49.9650291,48.8929742,0.1205013,0.0974907,0.8529515,0.9380435
8.52,49.9663322,48.8942131,0.1198244,0.0978957,0.8519830,0.9383426
8.53,49.9675913,48.8954756,0.1191446,0.0982996,0.8510258,0.9386392
8.54,49.9688063,48.8967618,0.1184620,0.0987025,0.8500799,0.9389331
8.55,49.9699770,48.8980715,0.1177770,0.0991042,0.8491457,0.9392244
8.56,49.9711034,48.8994046,0.1170895,0.0995049,0.8482232,0.9395131
8.57,49.9721854,48.9007611,0.1163997,0.0999044,0.8473125,0.9397992
8.58,49.9732229,48.9021407,0.1157078,0.1003028,0.8464139,0.9400827
8.59,49.9742158,48.9035435,0.1150138,0.1007000,0.8455274,0.9403636
8.60,49.9751641,48.9049693,0.1143181,0.1010961,0.8446532,0.9406418
8.61,49.9760676,48.9064181,0.1136206,0.1014909,0.8437915,0.9409174
8.62,49.9769265,48.9078896,0.1129215,0.1018846,0.8429424,0.9411904
8.63,49.9777405,48.9093839,0.1122211,0.1022770,0.8421059,0.9414607
8.64,49.9785097,48.9109008,0.1115193,0.1026682,0.8412823,0.9417284
8.65,49.9792341,48.9124401,0.1108164,0.1030582,0.8404716,0.9419934
8.66,49.9799137,48.9140019,0.1101124,0.1034469,0.8396741,0.9422557
8.67,49.9805484,48.9155860,0.1094076,0.1038344,0.8388897,0.9425154
8.68,49.9811383,48.9171922,0.1087021,0.1042206,0.8381186,0.9427724
8.69,49.9816833,48.9188205,0.1079960,0.1046054,0.8373610,0.9430267
8.70,49.9821836,48.9204708,0.1072895,0.1049890,0.8366170,0.9432784
8.71,49.9826391,48.9221429,0.1065826,0.1053712,0.8358866,0.9435273
8.72,49.9830498,48.9238368,0.1058756,0.1057521,0.8351699,0.9437736
8.73,49.9834159,48.9255523,0.1051686,0.1061316,0.8344671,0.9440171
8.74,49.9837374,48.9272893,0.1044616,0.1065098,0.8337783,0.9442580
8.75,49.9840143,48.9290478,0.1037549,0.1068866,0.8331035,0.9444961
8.76,49.9842467,48.9308275,0.1030486,0.1072620,0.8324428,0.9447316
8.77,49.9844348,48.9326284,0.1023429,0.1076360,0.8317964,0.9449643
8.78,49.9845785,48.9344504,0.1016378,0.1080086,0.8311643,0.9451943
8.79,49.9846781,48.9362933,0.1009334,0.1083797,0.8305467,0.9454216
8.80,49.9847336,48.9381571,0.1002301,0.1087494,0.8299435,0.9456461
8.81,49.9847451,48.9400416,0.0995278,0.1091176,0.8293548,0.9458680
8.82,49.9847127,48.9419466,0.0988266,0.1094844,0.8287808,0.9460871
8.83,49.9846367,48.9438722,0.0981269,0.1098497,0.8282216,0.9463034
8.84,49.9845170,48.9458181,0.0974286,0.1102135,0.8276771,0.9465171
8.85,49.9843540,48.9477843,0.0967319,0.1105757,0.8271474,0.9467279
8.86,49.9841477,48.9497706,0.0960369,0.1109365,0.8266326,0.9469361
8.87,49.9838983,48.9517769,0.0953439,0.1112957,0.8261328,0.9471415
8.88,49.9836060,48.9538031,0.0946528,0.1116534,0.8256480,0.9473441
8.89,49.9832709,48.9558490,0.0939638,0.1120095,0.8251783,0.9475440
8.90,49.9828933,48.9579146,0.0932771,0.1123641,0.8247237,0.9477411
8.91,49.9824734,48.9599997,0.0925928,0.1127171,0.8242843,0.9479355
8.92,49.9820113,48.9621042,0.0919110,0.1130685,0.8238601,0.9481271
8.93,49.9815073,48.9642280,0.0912318,0.1134182,0.8234511,0.9483159
8.94,49.9809616,48.9663709,0.0905554,0.1137664,0.8230574,0.9485020
8.95,49.9803744,48.9685328,0.0898819,0.1141130,0.8226790,0.9486853
8.96,49.9797460,48.9707136,0.0892114,0.1144579,0.8223159,0.9488659
8.97,49.9790766,48.9729132,0.0885440,0.1148011,0.8219683,0.9490437
8.98,49.9783664,48.9751314,0.0878799,0.1151427,0.8216360,0.9492187
8.99,49.9776157,48.9773682,0.0872192,0.1154826,0.8213191,0.9493909
9.00,49.9768248,48.9796233,0.0865619,0.1158209,0.8210177,0.9495604
9.01,49.9759940,48.9818967,0.0859083,0.1161574,0.8207318,0.9497270
9.02,49.9751235,48.9841882,0.0852585,0.1164923,0.8204613,0.9498909
9.03,49.9742136,48.9864977,0.0846124,0.1168254,0.8202062,0.9500521
9.04,49.9732646,48.9888251,0.0839704,0.1171568,0.8199667,0.9502104
9.05,49.9722768,48.9911702,0.0833324,0.1174864,0.8197426,0.9503660
9.06,49.9712506,48.9935329,0.0826986,0.1178144,0.8195340,0.9505188
9.07,49.9701861,48.9959131,0.0820691,0.1181405,0.8193409,0.9506688
9.08,49.9690838,48.9983106,0.0814441,0.1184649,0.8191632,0.9508160
9.09,49.9679440,49.0007254,0.0808236,0.1187876,0.8190011,0.9509605
9.10,49.9667670,49.0031572,0.0802077,0.1191084,0.8188543,0.9511021
9.11,49.9655532,49.0056060,0.0795965,0.1194274,0.8187230,0.9512410
9.12,49.9643028,49.0080716,0.0789902,0.1197447,0.8186071,0.9513771
9.13,49.9630163,49.0105539,0.0783889,0.1200601,0.8185066,0.9515105
9.14,49.9616940,49.0130527,0.0777926,0.1203737,0.8184214,0.9516410
9.15,49.9603363,49.0155679,0.0772015,0.1206854,0.8183516,0.9517688
9.16,49.9589435,49.0180994,0.0766157,0.1209953,0.8182971,0.9518937
9.17,49.9575160,49.0206470,0.0760352,0.1213034,0.8182579,0.9520159
9.18,49.9560542,49.0232106,0.0754601,0.1216096,0.8182339,0.9521354
9.19,49.9545585,49.0257901,0.0748907,0.1219139,0.8182251,0.9522520
9.20,49.9530293,49.0283854,0.0743269,0.1222163,0.8182314,0.9523659
9.21,49.9514669,49.0309962,0.0737688,0.1225169,0.8182529,0.9524770
9.22,49.9498719,49.0336224,0.0732166,0.1228155,0.8182894,0.9525853
9.23,49.9482445,49.0362640,0.0726703,0.1231123,0.8183410,0.9526909
9.24,49.9465852,49.0389208,0.0721300,0.1234071,0.8184075,0.9527936
9.25,49.9448944,49.0415925,0.0715959,0.1237000,0.8184889,0.9528936
9.26,49.9431726,49.0442792,0.0710679,0.1239910,0.8185851,0.9529909
9.27,49.9414201,49.0469807,0.0705462,0.1242800,0.8186962,0.9530854
9.28,49.9396374,49.0496967,0.0700309,0.1245671,0.8188219,0.9531771
9.29,49.9378250,49.0524273,0.0695221,0.1248522,0.8189623,0.9532660
9.30,49.9359833,49.0551721,0.0690198,0.1251353,0.8191173,0.9533522
9.31,49.9341127,49.0579312,0.0685241,0.1254165,0.8192867,0.9534356
9.32,49.9322137,49.0607043,0.0680350,0.1256957,0.8194706,0.9535163
9.33,49.9302867,49.0634914,0.0675528,0.1259729,0.8196689,0.9535942
9.34,49.9283322,49.0662922,0.0670774,0.1262481,0.8198814,0.9536694
9.35,49.9263507,49.0691066,0.0666089,0.1265214,0.8201082,0.9537418
9.36,49.9243426,49.0719345,0.0661474,0.1267926,0.8203490,0.9538114
9.37,49.9223084,49.0747758,0.0656930,0.1270617,0.8206038,0.9538784
9.38,49.9202486,49.0776303,0.0652456,0.1273289,0.8208726,0.9539426
9.39,49.9181637,49.0804978,0.0648055,0.1275940,0.8211552,0.9540040
9.40,49.9160540,49.0833782,0.0643727,0.1278571,0.8214515,0.9540627
9.41,49.9139203,49.0862714,0.0639471,0.1281181,0.8217615,0.9541187
9.42,49.9117628,49.0891773,0.0635290,0.1283771,0.8220850,0.9541720
9.43,49.9095821,49.0920956,0.0631183,0.1286340,0.8224220,0.9542225
9.44,49.9073788,49.0950262,0.0627151,0.1288889,0.8227722,0.9542703
9.45,49.9051532,49.0979691,0.0623194,0.1291416,0.8231357,0.9543154
9.46,49.9029060,49.1009240,0.0619314,0.1293923,0.8235124,0.9543578
9.47,49.9006376,49.1038907,0.0615511,0.1296409,0.8239020,0.9543974
9.48,49.8983485,49.1068693,0.0611784,0.1298875,0.8243045,0.9544344
9.49,49.8960392,49.1098595,0.0608136,0.1301319,0.8247197,0.9544687
9.50,49.8937102,49.1128611,0.0604566,0.1303742,0.8251477,0.9545002
9.51,49.8913621,49.1158740,0.0601074,0.1306144,0.8255881,0.9545291
9.52,49.8889954,49.1188982,0.0597662,0.1308525,0.8260410,0.9545553
9.53,49.8866106,49.1219333,0.0594329,0.1310885,0.8265061,0.9545788
9.54,49.8842082,49.1249793,0.0591077,0.1313223,0.8269834,0.9545996
9.55,49.8817887,49.1280361,0.0587905,0.1315540,0.8274727,0.9546178
9.56,49.8793527,49.1311034,0.0584813,0.1317836,0.8279739,0.9546333
9.57,49.8769007,49.1341812,0.0581803,0.1320110,0.8284869,0.9546461
9.58,49.8744332,49.1372693,0.0578875,0.1322363,0.8290115,0.9546563
9.59,49.8719507,49.1403675,0.0576028,0.1324594,0.8295476,0.9546638
9.60,49.8694538,49.1434758,0.0573264,0.1326804,0.8300951,0.9546686
9.61,49.8669431,49.1465938,0.0570582,0.1328992,0.8306538,0.9546708
9.62,49.8644189,49.1497216,0.0567983,0.1331158,0.8312235,0.9546704
9.63,49.8618820,49.1528590,0.0565467,0.1333302,0.8318042,0.9546674
9.64,49.8593327,49.1560057,0.0563035,0.1335425,0.8323956,0.9546617
9.65,49.8567718,49.1591617,0.0560686,0.1337526,0.8329977,0.9546534
9.66,49.8541996,49.1623268,0.0558421,0.1339605,0.8336102,0.9546424
9.67,49.8516167,49.1655009,0.0556239,0.1341663,0.8342331,0.9546289
9.68,49.8490237,49.1686838,0.0554142,0.1343698,0.8348662,0.9546128
9.69,49.8464211,49.1718754,0.0552130,0.1345711,0.8355093,0.9545940
9.70,49.8438094,49.1750755,0.0550202,0.1347702,0.8361623,0.9545727
9.71,49.8411893,49.1782839,0.0548358,0.1349672,0.8368249,0.9545488
9.72,49.8385611,49.1815006,0.0546600,0.1351619,0.8374972,0.9545223
9.73,49.8359255,49.1847254,0.0544926,0.1353544,0.8381788,0.9544932
9.74,49.8332831,49.1879580,0.0543337,0.1355447,0.8388697,0.9544616
9.75,49.8306342,49.1911985,0.0541833,0.1357327,0.8395696,0.9544274
9.76,49.8279796,49.1944466,0.0540414,0.1359185,0.8402784,0.9543907
9.77,49.8253196,49.1977021,0.0539080,0.1361022,0.8409960,0.9543514
9.78,49.8226550,49.2009650,0.0537832,0.1362835,0.8417222,0.9543096
9.79,49.8199861,49.2042351,0.0536668,0.1364627,0.8424568,0.9542652
9.80,49.8173135,49.2075122,0.0535590,0.1366396,0.8431996,0.9542183
9.81,49.8146378,49.2107962,0.0534596,0.1368143,0.8439505,0.9541689
9.82,49.8119596,49.2140870,0.0533688,0.1369867,0.8447092,0.9541170
9.83,49.8092792,49.2173843,0.0532864,0.1371569,0.8454758,0.9540626
9.84,49.8065973,49.2206881,0.0532126,0.1373248,0.8462498,0.9540057
9.85,49.8039145,49.2239981,0.0531472,0.1374905,0.8470313,0.9539463
9.86,49.8012311,49.2273143,0.0530902,0.1376539,0.8478199,0.9538844
9.87,49.7985479,49.2306365,0.0530418,0.1378151,0.8486156,0.9538201
9.88,49.7958652,49.2339646,0.0530017,0.1379740,0.8494181,0.9537533
9.89,49.7931836,49.2372983,0.0529701,0.1381307,0.8502273,0.9536840
9.90,49.7905036,49.2406376,0.0529469,0.1382851,0.8510430,0.9536123
9.91,49.7878259,49.2439823,0.0529320,0.1384372,0.8518650,0.9535381
9.92,49.7851507,49.2473323,0.0529255,0.1385871,0.8526932,0.9534615
9.93,49.7824788,49.2506873,0.0529274,0.1387347,0.8535273,0.9533825
9.94,49.7798106,49.2540473,0.0529375,0.1388800,0.8543672,0.9533011
9.95,49.7771467,49.2574122,0.0529559,0.1390231,0.8552127,0.9532172
9.96,49.7744874,49.2607817,0.0529826,0.1391639,0.8560636,0.9531310
9.97,49.7718334,49.2641557,0.0530175,0.1393025,0.8569197,0.9530423
9.98,49.7691852,49.2675340,0.0530607,0.1394387,0.8577808,0.9529513
9.99,49.7665432,49.2709166,0.0531119,0.1395727,0.8586469,0.9528579
10.00,49.7639080,49.2743033,0.0531713,0.1397044,0.8595176,0.9527622
10.01,49.7612800,49.2776939,0.0532389,0.1398339,0.8603928,0.9526641
10.02,49.7586598,49.2810882,0.0533144,0.1399610,0.8612723,0.9525636
10.03,49.7560479,49.2844862,0.0533980,0.1400859,0.8621559,0.9524608
10.04,49.7534446,49.2878877,0.0534896,0.1402085,0.8630435,0.9523557
10.05,49.7508506,49.2912925,0.0535891,0.1403289,0.8639348,0.9522483
10.06,49.7482663,49.2947005,0.0536965,0.1404469,0.8648296,0.9521385
10.07,49.7456922,49.2981116,0.0538117,0.1405627,0.8657279,0.9520265
10.08,49.7431287,49.3015255,0.0539348,0.1406762,0.8666293,0.9519121
10.09,49.7405763,49.3049422,0.0540656,0.1407874,0.8675338,0.9517955
10.10,49.7380356,49.3083616,0.0542041,0.1408964,0.8684411,0.9516766
10.11,49.7355069,49.3117833,0.0543503,0.1410030,0.8693510,0.9515554
10.12,49.7329908,49.3152074,0.0545041,0.1411074,0.8702633,0.9514320
10.13,49.7304876,49.3186337,0.0546655,0.1412095,0.8711779,0.9513064
10.14,49.7279979,49.3220620,0.0548343,0.1413093,0.8720946,0.9511785
10.15,49.7255221,49.3254922,0.0550107,0.1414069,0.8730132,0.9510483
10.16,49.7230606,49.3289241,0.0551944,0.1415022,0.8739334,0.9509160
10.17,49.7206138,49.3323576,0.0553854,0.1415952,0.8748552,0.9507815
10.18,49.7181823,49.3357925,0.0555837,0.1416859,0.8757783,0.9506448
10.19,49.7157665,49.3392288,0.0557893,0.1417743,0.8767026,0.9505058
10.20,49.7133667,49.3426662,0.0560020,0.1418605,0.8776278,0.9503648
10.21,49.7109835,49.3461046,0.0562218,0.1419444,0.8785538,0.9502215
10.22,49.7086171,49.3495439,0.0564486,0.1420261,0.8794804,0.9500761
10.23,49.7062681,49.3529840,0.0566824,0.1421054,0.8804074,0.9499286
10.24,49.7039369,49.3564246,0.0569231,0.1421825,0.8813346,0.9497789
10.25,49.7016238,49.3598657,0.0571706,0.1422574,0.8822619,0.9496271
10.26,49.6993293,49.3633071,0.0574249,0.1423299,0.8831890,0.9494732
10.27,49.6970537,49.3667486,0.0576859,0.1424002,0.8841158,0.9493172
10.28,49.6947975,49.3701902,0.0579535,0.1424683,0.8850421,0.9491591
10.29,49.6925611,49.3736316,0.0582276,0.1425340,0.8859677,0.9489990
10.30,49.6903447,49.3770728,0.0585082,0.1425976,0.8868924,0.9488368
10.31,49.6881489,49.3805136,0.0587953,0.1426588,0.8878161,0.9486725
10.32,49.6859739,49.3839538,0.0590886,0.1427178,0.8887385,0.9485061
10.33,49.6838201,49.3873934,0.0593882,0.1427746,0.8896596,0.9483378
10.34,49.6816880,49.3908321,0.0596940,0.1428291,0.8905791,0.9481674
10.35,49.6795778,49.3942699,0.0600059,0.1428814,0.8914968,0.9479950
10.36,49.6774899,49.3977066,0.0603238,0.1429314,0.8924127,0.9478206
10.37,49.6754246,49.4011420,0.0606477,0.1429791,0.8933264,0.9476442
10.38,49.6733824,49.4045761,0.0609774,0.1430247,0.8942378,0.9474659
10.39,49.6713635,49.4080086,0.0613129,0.1430680,0.8951468,0.9472855
10.40,49.6693682,49.4114395,0.0616540,0.1431090,0.8960531,0.9471033
10.41,49.6673969,49.4148686,0.0620008,0.1431479,0.8969567,0.9469190
10.42,49.6654499,49.4182958,0.0623531,0.1431845,0.8978573,0.9467329
10.43,49.6635275,49.4217209,0.0627109,0.1432188,0.8987548,0.9465448
10.44,49.6616301,49.4251438,0.0630740,0.1432510,0.8996489,0.9463548
10.45,49.6597578,49.4285643,0.0634423,0.1432809,0.9005397,0.9461630
10.46,49.6579110,49.4319824,0.0638159,0.1433086,0.9014268,0.9459692
10.47,49.6560901,49.4353979,0.0641945,0.1433341,0.9023100,0.9457736
10.48,49.6542952,49.4388107,0.0645782,0.1433574,0.9031894,0.9455761
10.49,49.6525267,49.4422205,0.0649667,0.1433785,0.9040646,0.9453768
10.50,49.6507848,49.4456274,0.0653601,0.1433974,0.9049356,0.9451756
10.51,49.6490699,49.4490311,0.0657582,0.1434141,0.9058021,0.9449726
10.52,49.6473820,49.4524315,0.0661609,0.1434286,0.9066640,0.9447678
10.53,49.6457216,49.4558285,0.0665682,0.1434408,0.9075212,0.9445612
10.54,49.6440888,49.4592220,0.0669800,0.1434510,0.9083735,0.9443528
10.55,49.6424840,49.4626118,0.0673961,0.1434589,0.9092207,0.9441427
10.56,49.6409072,49.4659978,0.0678164,0.1434646,0.9100627,0.9439308
10.57,49.6393588,49.4693798,0.0682410,0.1434682,0.9108994,0.9437171
10.58,49.6378390,49.4727578,0.0686696,0.1434696,0.9117305,0.9435017
10.59,49.6363480,49.4761316,0.0691021,0.1434689,0.9125560,0.9432846
10.60,49.6348860,49.4795011,0.0695386,0.1434659,0.9133757,0.9430657
10.61,49.6334532,49.4828660,0.0699789,0.1434609,0.9141895,0.9428452
10.62,49.6320498,49.4862265,0.0704228,0.1434536,0.9149971,0.9426229
10.63,49.6306759,49.4895821,0.0708703,0.1434442,0.9157986,0.9423990
10.64,49.6293319,49.4929330,0.0713213,0.1434327,0.9165936,0.9421735
10.65,49.6280178,49.4962789,0.0717757,0.1434191,0.9173822,0.9419463
10.66,49.6267339,49.4996196,0.0722334,0.1434033,0.9181641,0.9417174
10.67,49.6254802,49.5029552,0.0726943,0.1433853,0.9189393,0.9414870
10.68,49.6242570,49.5062854,0.0731583,0.1433653,0.9197075,0.9412549
10.69,49.6230644,49.5096101,0.0736253,0.1433431,0.9204687,0.9410212
10.70,49.6219026,49.5129292,0.0740951,0.1433189,0.9212227,0.9407859
10.71,49.6207716,49.5162426,0.0745678,0.1432925,0.9219695,0.9405491
10.72,49.6196717,49.5195501,0.0750431,0.1432640,0.9227088,0.9403107
10.73,49.6186029,49.5228517,0.0755211,0.1432334,0.9234406,0.9400708
10.74,49.6175653,49.5261471,0.0760015,0.1432007,0.9241647,0.9398293
10.75,49.6165592,49.5294363,0.0764843,0.1431660,0.9248810,0.9395864
10.76,49.6155845,49.5327192,0.0769694,0.1431292,0.9255894,0.9393419
10.77,49.6146414,49.5359956,0.0774566,0.1430902,0.9262898,0.9390959
10.78,49.6137300,49.5392655,0.0779460,0.1430493,0.9269820,0.9388484
10.79,49.6128504,49.5425286,0.0784373,0.1430062,0.9276660,0.9385995
10.80,49.6120026,49.5457849,0.0789305,0.1429611,0.9283417,0.9383492
10.81,49.6111867,49.5490342,0.0794255,0.1429140,0.9290089,0.9380973
10.82,49.6104028,49.5522765,0.0799222,0.1428648,0.9296675,0.9378441
10.83,49.6096510,49.5555116,0.0804204,0.1428136,0.9303174,0.9375895
10.84,49.6089313,49.5587394,0.0809201,0.1427603,0.9309586,0.9373334
10.85,49.6082437,49.5619598,0.0814211,0.1427050,0.9315908,0.9370760
10.86,49.6075883,49.5651726,0.0819234,0.1426477,0.9322141,0.9368172
10.87,49.6069651,49.5683778,0.0824269,0.1425884,0.9328283,0.9365570
10.88,49.6063743,49.5715752,0.0829314,0.1425271,0.9334334,0.9362955
10.89,49.6058156,49.5747647,0.0834369,0.1424638,0.9340291,0.9360327
10.90,49.6052893,49.5779462,0.0839432,0.1423985,0.9346156,0.9357685
10.91,49.6047953,49.5811196,0.0844503,0.1423312,0.9351925,0.9355031
10.92,49.6043336,49.5842847,0.0849581,0.1422619,0.9357600,0.9352364
10.93,49.6039043,49.5874416,0.0854663,0.1421907,0.9363178,0.9349683
10.94,49.6035072,49.5905899,0.0859751,0.1421175,0.9368660,0.9346991
10.95,49.6031424,49.5937297,0.0864841,0.1420423,0.9374044,0.9344285
10.96,49.6028098,49.5968609,0.0869934,0.1419652,0.9379329,0.9341568
10.97,49.6025095,49.5999832,0.0875029,0.1418862,0.9384515,0.9338838
10.98,49.6022414,49.6030967,0.0880124,0.1418052,0.9389601,0.9336096
10.99,49.6020054,49.6062011,0.0885218,0.1417223,0.9394587,0.9333342
11.00,49.6018016,49.6092964,0.0890311,0.1416374,0.9399471,0.9330577
11.01,49.6016298,49.6123825,0.0895401,0.1415507,0.9404252,0.9327799
11.02,49.6014900,49.6154592,0.0900487,0.1414620,0.9408932,0.9325011
11.03,49.6013821,49.6185265,0.0905569,0.1413714,0.9413508,0.9322211
11.04,49.6013061,49.6215843,0.0910646,0.1412790,0.9417980,0.9319399
11.05,49.6012619,49.6246324,0.0915716,0.1411847,0.9422347,0.9316577
11.06,49.6012494,49.6276708,0.0920778,0.1410885,0.9426610,0.9313743
11.07,49.6012685,49.6306993,0.0925832,0.1409904,0.9430767,0.9310899
11.08,49.6013191,49.6337178,0.0930876,0.1408905,0.9434818,0.9308044
11.09,49.6014011,49.6367263,0.0935911,0.1407887,0.9438762,0.9305179
11.10,49.6015144,49.6397245,0.0940933,0.1406850,0.9442599,0.9302303
11.11,49.6016590,49.6427125,0.0945944,0.1405796,0.9446329,0.9299417
11.12,49.6018345,49.6456902,0.0950941,0.1404723,0.9449951,0.9296521
11.13,49.6020411,49.6486573,0.0955923,0.1403632,0.9453464,0.9293615
11.14,49.6022784,49.6516139,0.0960891,0.1402523,0.9456869,0.9290699
11.15,49.6025465,49.6545598,0.0965843,0.1401395,0.9460165,0.9287773
11.16,49.6028451,49.6574949,0.0970777,0.1400250,0.9463352,0.9284838
11.17,49.6031740,49.6604191,0.0975694,0.1399087,0.9466428,0.9281893
11.18,49.6035332,49.6633324,0.0980592,0.1397906,0.9469395,0.9278939
11.19,49.6039225,49.6662346,0.0985470,0.1396708,0.9472252,0.9275976
11.20,49.6043418,49.6691256,0.0990327,0.1395492,0.9474998,0.9273004
11.21,49.6047907,49.6720054,0.0995163,0.1394258,0.9477634,0.9270023
11.22,49.6052692,49.6748738,0.0999976,0.1393007,0.9480158,0.9267034
11.23,49.6057772,49.6777308,0.1004766,0.1391739,0.9482572,0.9264036
11.24,49.6063143,49.6805762,0.1009532,0.1390453,0.9484874,0.9261029
11.25,49.6068805,49.6834100,0.1014273,0.1389150,0.9487065,0.9258014
11.26,49.6074755,49.6862320,0.1018987,0.1387830,0.9489145,0.9254992
11.27,49.6080991,49.6890422,0.1023676,0.1386493,0.9491113,0.9251961
11.28,49.6087511,49.6918405,0.1028336,0.1385140,0.9492969,0.9248922
11.29,49.6094313,49.6946268,0.1032968,0.1383769,0.9494714,0.9245875
11.30,49.6101395,49.6974011,0.1037571,0.1382382,0.9496347,0.9242821
11.31,49.6108755,49.7001631,0.1042143,0.1380978,0.9497869,0.9239760
11.32,49.6116391,49.7029128,0.1046685,0.1379558,0.9499279,0.9236691
11.33,49.6124299,49.7056502,0.1051195,0.1378121,0.9500577,0.9233615
11.34,49.6132478,49.7083752,0.1055672,0.1376667,0.9501764,0.9230533
11.35,49.6140926,49.7110876,0.1060116,0.1375198,0.9502839,0.9227443
11.36,49.6149640,49.7137874,0.1064526,0.1373712,0.9503803,0.9224347
11.37,49.6158617,49.7164745,0.1068902,0.1372211,0.9504656,0.9221244
11.38,49.6167855,49.7191488,0.1073241,0.1370693,0.9505398,0.9218134
11.39,49.6177352,49.7218103,0.1077545,0.1369160,0.9506029,0.9215018
11.40,49.6187104,49.7244588,0.1081811,0.1367610,0.9506550,0.9211897
11.41,49.6197109,49.7270942,0.1086039,0.1366045,0.9506960,0.9208769
11.42,49.6207365,49.7297166,0.1090229,0.1364465,0.9507260,0.9205635
11.43,49.6217869,49.7323257,0.1094379,0.1362869,0.9507450,0.9202496
11.44,49.6228617,49.7349216,0.1098490,0.1361257,0.9507530,0.9199351
11.45,49.6239607,49.7375041,0.1102560,0.1359631,0.9507501,0.9196200
11.46,49.6250837,49.7400732,0.1106589,0.1357989,0.9507363,0.9193045
11.47,49.6262303,49.7426288,0.1110575,0.1356332,0.9507116,0.9189884
11.48,49.6274002,49.7451708,0.1114519,0.1354660,0.9506761,0.9186718
11.49,49.6285932,49.7476991,0.1118420,0.1352973,0.9506298,0.9183547
11.50,49.6298089,49.7502136,0.1122277,0.1351271,0.9505728,0.9180372
11.51,49.6310470,49.7527144,0.1126089,0.1349555,0.9505050,0.9177192
11.52,49.6323073,49.7552013,0.1129856,0.1347824,0.9504266,0.9174007
11.53,49.6335893,49.7576742,0.1133577,0.1346079,0.9503376,0.9170818
11.54,49.6348929,49.7601330,0.1137251,0.1344319,0.9502380,0.9167626
11.55,49.6362176,49.7625778,0.1140879,0.1342545,0.9501278,0.9164429
11.56,49.6375632,49.7650084,0.1144459,0.1340757,0.9500072,0.9161228
11.57,49.6389294,49.7674247,0.1147991,0.1338954,0.9498762,0.9158023
11.58,49.6403157,49.7698267,0.1151474,0.1337138,0.9497349,0.9154815
11.59,49.6417219,49.7722144,0.1154908,0.1335308,0.9495832,0.9151603
11.60,49.6431476,49.7745875,0.1158293,0.1333464,0.9494213,0.9148388
11.61,49.6445926,49.7769462,0.1161627,0.1331606,0.9492492,0.9145170
11.62,49.6460564,49.7792902,0.1164910,0.1329735,0.9490670,0.9141949
11.63,49.6475387,49.7816196,0.1168142,0.1327851,0.9488747,0.9138725
11.64,49.6490392,49.7839343,0.1171322,0.1325953,0.9486725,0.9135498
11.65,49.6505575,49.7862342,0.1174450,0.1324042,0.9484603,0.9132269
11.66,49.6520933,49.7885192,0.1177525,0.1322117,0.9482384,0.9129037
11.67,49.6536462,49.7907893,0.1180547,0.1320180,0.9480066,0.9125802
11.68,49.6552159,49.7930445,0.1183515,0.1318230,0.9477651,0.9122566
11.69,49.6568020,49.7952846,0.1186429,0.1316267,0.9475140,0.9119327
11.70,49.6584041,49.7975096,0.1189289,0.1314291,0.9472534,0.9116087
11.71,49.6600220,49.7997194,0.1192094,0.1312303,0.9469833,0.9112845
11.72,49.6616551,49.8019140,0.1194844,0.1310302,0.9467038,0.9109601
11.73,49.6633033,49.8040934,0.1197538,0.1308289,0.9464150,0.9106355
11.74,49.6649660,49.8062574,0.1200176,0.1306263,0.9461170,0.9103108
11.75,49.6666429,49.8084060,0.1202758,0.1304226,0.9458099,0.9099860
11.76,49.6683337,49.8105392,0.1205283,0.1302176,0.9454937,0.9096611
11.77,49.6700380,49.8126568,0.1207751,0.1300115,0.9451686,0.9093361
11.78,49.6717554,49.8147589,0.1210161,0.1298041,0.9448346,0.9090110
11.79,49.6734855,49.8168454,0.1212514,0.1295956,0.9444918,0.9086858
11.80,49.6752280,49.8189163,0.1214809,0.1293859,0.9441403,0.9083606
11.81,49.6769824,49.8209714,0.1217046,0.1291751,0.9437802,0.9080353
11.82,49.6787485,49.8230107,0.1219224,0.1289631,0.9434117,0.9077100
11.83,49.6805257,49.8250342,0.1221344,0.1287500,0.9430347,0.9073847
11.84,49.6823138,49.8270419,0.1223404,0.1285358,0.9426494,0.9070594
11.85,49.6841124,49.8290336,0.1225405,0.1283205,0.9422560,0.9067341
11.86,49.6859210,49.8310093,0.1227347,0.1281041,0.9418544,0.9064089
11.87,49.6877393,49.8329690,0.1229229,0.1278866,0.9414449,0.9060836
11.88,49.6895669,49.8349127,0.1231052,0.1276680,0.9410274,0.9057584
11.89,49.6914034,49.8368403,0.1232814,0.1274484,0.9406022,0.9054333
11.90,49.6932484,49.8387516,0.1234516,0.1272277,0.9401693,0.9051083
11.91,49.6951016,49.8406468,0.1236157,0.1270060,0.9397288,0.9047833
11.92,49.6969625,49.8425258,0.1237738,0.1267833,0.9392809,0.9044585
11.93,49.6988307,49.8443884,0.1239259,0.1265595,0.9388256,0.9041338
11.94,49.7007060,49.8462347,0.1240718,0.1263348,0.9383630,0.9038092
11.95,49.7025878,49.8480647,0.1242117,0.1261090,0.9378933,0.9034847
11.96,49.7044759,49.8498782,0.1243454,0.1258823,0.9374166,0.9031604
11.97,49.7063697,49.8516752,0.1244731,0.1256546,0.9369330,0.9028363
11.98,49.7082689,49.8534558,0.1245946,0.1254259,0.9364426,0.9025124
11.99,49.7101732,49.8552198,0.1247101,0.1251963,0.9359455,0.9021887
12.00,49.7120821,49.8569673,0.1248193,0.1249658,0.9354419,0.9018651
12.01,49.7139953,49.8586981,0.1249225,0.1247343,0.9349318,0.9015418
12.02,49.7159123,49.8604123,0.1250195,0.1245019,0.9344155,0.9012188
12.03,49.7178328,49.8621098,0.1251104,0.1242687,0.9338929,0.9008959
12.04,49.7197564,49.8637906,0.1251952,0.1240345,0.9333642,0.9005734
12.05,49.7216827,49.8654546,0.1252738,0.1237994,0.9328296,0.9002511
12.06,49.7236113,49.8671019,0.1253463,0.1235635,0.9322891,0.8999291
12.07,49.7255418,49.8687323,0.1254127,0.1233268,0.9317429,0.8996074
12.08,49.7274739,49.8703459,0.1254729,0.1230891,0.9311912,0.8992860
12.09,49.7294071,49.8719426,0.1255270,0.1228507,0.9306339,0.8989650
12.10,49.7313411,49.8735224,0.1255750,0.1226114,0.9300714,0.8986442
12.11,49.7332755,49.8750852,0.1256170,0.1223714,0.9295036,0.8983239
12.12,49.7352099,49.8766311,0.1256528,0.1221305,0.9289307,0.8980039
12.13,49.7371440,49.8781599,0.1256825,0.1218888,0.9283529,0.8976842
12.14,49.7390773,49.8796718,0.1257062,0.1216464,0.9277702,0.8973650
12.15,49.7410094,49.8811665,0.1257238,0.1214032,0.9271829,0.8970461
12.16,49.7429401,49.8826442,0.1257354,0.1211593,0.9265909,0.8967277
12.17,49.7448689,49.8841048,0.1257409,0.1209146,0.9259946,0.8964097
12.18,49.7467954,49.8855483,0.1257405,0.1206692,0.9253939,0.8960921
12.19,49.7487193,49.8869746,0.1257340,0.1204230,0.9247890,0.8957750
12.20,49.7506403,49.8883837,0.1257216,0.1201762,0.9241801,0.8954584
12.21,49.7525578,49.8897757,0.1257032,0.1199287,0.9235672,0.8951422
12.22,49.7544716,49.8911504,0.1256789,0.1196805,0.9229506,0.8948265
12.23,49.7563814,49.8925078,0.1256486,0.1194316,0.9223303,0.8945113
12.24,49.7582866,49.8938480,0.1256125,0.1191821,0.9217065,0.8941966
12.25,49.7601871,49.8951710,0.1255705,0.1189319,0.9210793,0.8938824
12.26,49.7620824,49.8964766,0.1255227,0.1186811,0.9204489,0.8935688
12.27,49.7639721,49.8977649,0.1254690,0.1184297,0.9198153,0.8932557
12.28,49.7658559,49.8990359,0.1254096,0.1181776,0.9191787,0.8929432
12.29,49.7677335,49.9002895,0.1253444,0.1179250,0.9185393,0.8926312
12.30,49.7696045,49.9015258,0.1252735,0.1176718,0.9178971,0.8923198
12.31,49.7714686,49.9027447,0.1251969,0.1174179,0.9172524,0.8920090
12.32,49.7733254,49.9039462,0.1251146,0.1171636,0.9166052,0.8916988
12.33,49.7751745,49.9051302,0.1250267,0.1169087,0.9159556,0.8913893
12.34,49.7770157,49.9062969,0.1249332,0.1166532,0.9153039,0.8910803
12.35,49.7788485,49.9074461,0.1248342,0.1163972,0.9146502,0.8907720
12.36,49.7806727,49.9085779,0.1247296,0.1161407,0.9139945,0.8904644
12.37,49.7824879,49.9096923,0.1246195,0.1158837,0.9133370,0.8901574
12.38,49.7842938,49.9107892,0.1245039,0.1156262,0.9126779,0.8898510
12.39,49.7860901,49.9118686,0.1243830,0.1153682,0.9120173,0.8895454
12.40,49.7878763,49.9129305,0.1242566,0.1151097,0.9113553,0.8892405
12.41,49.7896523,49.9139750,0.1241250,0.1148508,0.9106921,0.8889362
12.42,49.7914177,49.9150019,0.1239880,0.1145914,0.9100277,0.8886327
12.43,49.7931722,49.9160114,0.1238458,0.1143316,0.9093624,0.8883299
12.44,49.7949154,49.9170033,0.1236983,0.1140714,0.9086962,0.8880279
12.45,49.7966471,49.9179778,0.1235457,0.1138108,0.9080293,0.8877266
12.46,49.7983669,49.9189347,0.1233880,0.1135497,0.9073618,0.8874261
12.47,49.8000746,49.9198742,0.1232252,0.1132883,0.9066939,0.8871263
12.48,49.8017698,49.9207961,0.1230574,0.1130265,0.9060257,0.8868273
12.49,49.8034522,49.9217005,0.1228846,0.1127643,0.9053573,0.8865291
12.50,49.8051216,49.9225874,0.1227069,0.1125018,0.9046888,0.8862317
12.51,49.8067777,49.9234568,0.1225243,0.1122389,0.9040204,0.8859352
12.52,49.8084201,49.9243086,0.1223368,0.1119757,0.9033523,0.8856394
12.53,49.8100486,49.9251429,0.1221446,0.1117122,0.9026845,0.8853445
12.54,49.8116630,49.9259598,0.1219476,0.1114484,0.9020171,0.8850505
12.55,49.8132628,49.9267591,0.1217460,0.1111842,0.9013504,0.8847573
12.56,49.8148480,49.9275409,0.1215397,0.1109198,0.9006844,0.8844649
12.57,49.8164181,49.9283052,0.1213289,0.1106551,0.9000193,0.8841735
12.58,49.8179730,49.9290520,0.1211136,0.1103902,0.8993551,0.8838829
12.59,49.8195123,49.9297814,0.1208938,0.1101250,0.8986921,0.8835933
12.60,49.8210358,49.9304932,0.1206695,0.1098596,0.8980303,0.8833045
12.61,49.8225433,49.9311876,0.1204410,0.1095939,0.8973699,0.8830167
12.62,49.8240345,49.9318645,0.1202081,0.1093280,0.8967110,0.8827297
12.63,49.8255092,49.9325239,0.1199711,0.1090619,0.8960537,0.8824438
12.64,49.8269670,49.9331659,0.1197298,0.1087957,0.8953982,0.8821587
12.65,49.8284079,49.9337905,0.1194845,0.1085292,0.8947445,0.8818747
12.66,49.8298315,49.9343976,0.1192350,0.1082626,0.8940928,0.8815916
12.67,49.8312376,49.9349873,0.1189816,0.1079958,0.8934433,0.8813094
12.68,49.8326260,49.9355596,0.1187243,0.1077289,0.8927959,0.8810283
12.69,49.8339965,49.9361145,0.1184631,0.1074618,0.8921510,0.8807482
12.70,49.8353488,49.9366521,0.1181981,0.1071946,0.8915085,0.8804690
12.71,49.8366828,49.9371722,0.1179293,0.1069273,0.8908686,0.8801909
12.72,49.8379982,49.9376750,0.1176569,0.1066599,0.8902315,0.8799138
12.73,49.8392949,49.9381605,0.1173808,0.1063924,0.8895971,0.8796378
12.74,49.8405725,49.9386287,0.1171012,0.1061248,0.8889657,0.8793628
12.75,49.8418310,49.9390796,0.1168181,0.1058571,0.8883374,0.8790888
12.76,49.8430702,49.9395131,0.1165316,0.1055894,0.8877123,0.8788159
12.77,49.8442897,49.9399295,0.1162418,0.1053217,0.8870904,0.8785441
12.78,49.8454896,49.9403285,0.1159486,0.1050539,0.8864720,0.8782733
12.79,49.8466695,49.9407104,0.1156523,0.1047861,0.8858571,0.8780037
12.80,49.8478294,49.9410750,0.1153527,0.1045182,0.8852458,0.8777351
12.81,49.8489690,49.9414225,0.1150501,0.1042504,0.8846382,0.8774676
12.82,49.8500882,49.9417528,0.1147445,0.1039826,0.8840345,0.8772013
12.83,49.8511868,49.9420659,0.1144360,0.1037148,0.8834348,0.8769361
12.84,49.8522647,49.9423620,0.1141245,0.1034470,0.8828391,0.8766720
12.85,49.8533217,49.9426409,0.1138103,0.1031793,0.8822476,0.8764091
12.86,49.8543576,49.9429028,0.1134933,0.1029116,0.8816603,0.8761473
12.87,49.8553724,49.9431476,0.1131736,0.1026440,0.8810774,0.8758866
12.88,49.8563658,49.9433754,0.1128514,0.1023765,0.8804990,0.8756272
12.89,49.8573378,49.9435862,0.1125266,0.1021090,0.8799252,0.8753689
12.90,49.8582883,49.9437801,0.1121994,0.1018417,0.8793561,0.8751118
12.91,49.8592170,49.9439570,0.1118698,0.1015744,0.8787917,0.8748559
12.92,49.8601239,49.9441170,0.1115379,0.1013073,0.8782322,0.8746011
12.93,49.8610089,49.9442601,0.1112037,0.1010403,0.8776776,0.8743476
12.94,49.8618718,49.9443864,0.1108674,0.1007734,0.8771281,0.8740953
12.95,49.8627126,49.9444958,0.1105289,0.1005067,0.8765838,0.8738443
12.96,49.8635311,49.9445885,0.1101885,0.1002402,0.8760447,0.8735944
12.97,49.8643273,49.9446644,0.1098461,0.0999738,0.8755110,0.8733458
12.98,49.8651010,49.9447236,0.1095018,0.0997076,0.8749827,0.8730985
12.99,49.8658522,49.9447661,0.1091557,0.0994416,0.8744599,0.8728524
13.00,49.8665808,49.9447919,0.1088079,0.0991759,0.8739427,0.8726075
13.01,49.8672868,49.9448011,0.1084584,0.0989103,0.8734311,0.8723640
13.02,49.8679699,49.9447937,0.1081074,0.0986449,0.8729254,0.8721217
13.03,49.8686302,49.9447697,0.1077548,0.0983798,0.8724255,0.8718807
13.04,49.8692677,49.9447292,0.1074008,0.0981150,0.8719315,0.8716410
13.05,49.8698821,49.9446723,0.1070455,0.0978503,0.8714436,0.8714026
13.06,49.8704736,49.9445989,0.1066888,0.0975860,0.8709617,0.8711654
13.07,49.8710420,49.9445090,0.1063309,0.0973219,0.8704861,0.8709296
13.08,49.8715874,49.9444029,0.1059719,0.0970582,0.8700166,0.8706952
13.09,49.8721096,49.9442803,0.1056119,0.0967947,0.8695535,0.8704620
13.10,49.8726086,49.9441415,0.1052508,0.0965315,0.8690968,0.8702302
13.11,49.8730844,49.9439864,0.1048888,0.0962687,0.8686465,0.8699997
13.12,49.8735370,49.9438151,0.1045260,0.0960061,0.8682028,0.8697706
13.13,49.8739663,49.9436277,0.1041624,0.0957440,0.8677657,0.8695428
13.14,49.8743723,49.9434241,0.1037981,0.0954821,0.8673352,0.8693164
13.15,49.8747551,49.9432044,0.1034331,0.0952206,0.8669115,0.8690914
13.16,49.8751146,49.9429687,0.1030677,0.0949595,0.8664945,0.8688677
13.17,49.8754508,49.9427169,0.1027017,0.0946988,0.8660845,0.8686454
13.18,49.8757637,49.9424492,0.1023353,0.0944385,0.8656813,0.8684245
13.19,49.8760533,49.9421656,0.1019686,0.0941785,0.8652852,0.8682050
13.20,49.8763196,49.9418661,0.1016017,0.0939190,0.8648960,0.8679869
13.21,49.8765627,49.9415508,0.1012346,0.0936599,0.8645140,0.8677702
13.22,49.8767825,49.9412198,0.1008673,0.0934012,0.8641391,0.8675549
13.23,49.8769792,49.9408730,0.1005000,0.0931430,0.8637714,0.8673410
13.24,49.8771526,49.9405105,0.1001328,0.0928852,0.8634110,0.8671285
13.25,49.8773029,49.9401324,0.0997656,0.0926278,0.8630578,0.8669175
13.26,49.8774301,49.9397386,0.0993986,0.0923710,0.8627120,0.8667079
13.27,49.8775342,49.9393294,0.0990319,0.0921146,0.8623736,0.8664997
13.28,49.8776152,49.9389047,0.0986655,0.0918587,0.8620427,0.8662930
13.29,49.8776733,49.9384645,0.0982995,0.0916033,0.8617192,0.8660878
13.30,49.8777085,49.9380089,0.0979339,0.0913484,0.8614033,0.8658840
13.31,49.8777208,49.9375380,0.0975689,0.0910940,0.8610949,0.8656816
13.32,49.8777103,49.9370518,0.0972044,0.0908401,0.8607941,0.8654808
13.33,49.8776771,49.9365504,0.0968407,0.0905868,0.8605010,0.8652814
13.34,49.8776212,49.9360338,0.0964777,0.0903340,0.8602155,0.8650834
13.35,49.8775428,49.9355021,0.0961155,0.0900818,0.8599378,0.8648870
13.36,49.8774418,49.9349553,0.0957541,0.0898301,0.8596678,0.8646921
13.37,49.8773185,49.9343935,0.0953938,0.0895790,0.8594056,0.8644986
13.38,49.8771728,49.9338167,0.0950344,0.0893285,0.8591512,0.8643066
13.39,49.8770049,49.9332251,0.0946761,0.0890786,0.8589046,0.8641162
13.40,49.8768148,49.9326185,0.0943190,0.0888293,0.8586658,0.8639272
13.41,49.8766028,49.9319972,0.0939631,0.0885806,0.8584350,0.8637398
13.42,49.8763688,49.9313611,0.0936085,0.0883325,0.8582120,0.8635539
13.43,49.8761129,49.9307104,0.0932552,0.0880850,0.8579970,0.8633695
13.44,49.8758354,49.9300450,0.0929033,0.0878382,0.8577899,0.8631866
13.45,49.8755363,49.9293650,0.0925529,0.0875920,0.8575908,0.8630053
13.46,49.8752157,49.9286706,0.0922041,0.0873464,0.8573997,0.8628254
13.47,49.8748738,49.9279617,0.0918569,0.0871015,0.8572165,0.8626472
13.48,49.8745107,49.9272384,0.0915113,0.0868573,0.8570414,0.8624705
13.49,49.8741265,49.9265008,0.0911675,0.0866138,0.8568742,0.8622953
13.50,49.8737214,49.9257489,0.0908255,0.0863710,0.8567151,0.8621216
13.51,49.8732954,49.9249828,0.0904853,0.0861288,0.8565641,0.8619496
13.52,49.8728488,49.9242026,0.0901471,0.0858874,0.8564210,0.8617790
13.53,49.8723817,49.9234082,0.0898108,0.0856467,0.8562860,0.8616101
13.54,49.8718943,49.9225999,0.0894766,0.0854067,0.8561591,0.8614427
13.55,49.8713866,49.9217776,0.0891445,0.0851674,0.8560402,0.8612769
13.56,49.8708589,49.9209414,0.0888145,0.0849289,0.8559293,0.8611126
13.57,49.8703113,49.9200914,0.0884868,0.0846911,0.8558265,0.8609500
13.58,49.8697440,49.9192276,0.0881613,0.0844540,0.8557318,0.8607889
13.59,49.8691572,49.9183501,0.0878382,0.0842178,0.8556451,0.8606294
13.60,49.8685510,49.9174589,0.0875175,0.0839823,0.8555664,0.8604715
13.61,49.8679256,49.9165542,0.0871992,0.0837476,0.8554957,0.8603152
13.62,49.8672811,49.9156360,0.0868834,0.0835136,0.8554331,0.8601604
13.63,49.8666179,49.9147044,0.0865702,0.0832805,0.8553785,0.8600073
13.64,49.8659359,49.9137593,0.0862596,0.0830482,0.8553318,0.8598558
13.65,49.8652355,49.9128010,0.0859517,0.0828166,0.8552931,0.8597058
13.66,49.8645169,49.9118294,0.0856465,0.0825860,0.8552624,0.8595575
13.67,49.8637801,49.9108447,0.0853440,0.0823561,0.8552397,0.8594108
13.68,49.8630255,49.9098469,0.0850444,0.0821270,0.8552248,0.8592657
13.69,49.8622532,49.9088360,0.0847476,0.0818989,0.8552179,0.8591222
13.70,49.8614634,49.9078122,0.0844538,0.0816715,0.8552189,0.8589803
13.71,49.8606563,49.9067754,0.0841630,0.0814450,0.8552277,0.8588400
13.72,49.8598322,49.9057259,0.0838751,0.0812194,0.8552444,0.8587014
13.73,49.8589912,49.9046636,0.0835904,0.0809947,0.8552688,0.8585644
13.74,49.8581336,49.9035886,0.0833087,0.0807708,0.8553011,0.8584290
13.75,49.8572595,49.9025010,0.0830302,0.0805478,0.8553411,0.8582952
13.76,49.8563693,49.9014008,0.0827549,0.0803258,0.8553888,0.8581631
13.77,49.8554630,49.9002882,0.0824829,0.0801046,0.8554443,0.8580326
13.78,49.8545411,49.8991632,0.0822142,0.0798843,0.8555073,0.8579037
13.79,49.8536035,49.8980259,0.0819488,0.0796650,0.8555781,0.8577765
13.80,49.8526507,49.8968763,0.0816868,0.0794466,0.8556564,0.8576509
13.81,49.8516828,49.8957145,0.0814282,0.0792291,0.8557422,0.8575270
13.82,49.8507001,49.8945406,0.0811731,0.0790125,0.8558356,0.8574047
13.83,49.8497028,49.8933548,0.0809215,0.0787969,0.8559364,0.8572840
13.84,49.8486911,49.8921569,0.0806734,0.0785823,0.8560447,0.8571650
13.85,49.8476653,49.8909472,0.0804289,0.0783686,0.8561603,0.8570476
13.86,49.8466257,49.8897256,0.0801880,0.0781558,0.8562833,0.8569319
13.87,49.8455723,49.8884924,0.0799508,0.0779441,0.8564136,0.8568178
13.88,49.8445057,49.8872474,0.0797173,0.0777333,0.8565512,0.8567054
13.89,49.8434258,49.8859909,0.0794875,0.0775235,0.8566960,0.8565946
13.90,49.8423331,49.8847229,0.0792615,0.0773147,0.8568479,0.8564855
13.91,49.8412278,49.8834435,0.0790392,0.0771070,0.8570069,0.8563780
13.92,49.8401100,49.8821527,0.0788208,0.0769002,0.8571730,0.8562722
13.93,49.8389802,49.8808507,0.0786063,0.0766944,0.8573460,0.8561680
13.94,49.8378385,49.8795374,0.0783956,0.0764896,0.8575260,0.8560655
13.95,49.8366851,49.8782130,0.0781889,0.0762859,0.8577129,0.8559646
13.96,49.8355204,49.8768776,0.0779861,0.0760832,0.8579067,0.8558655
13.97,49.8343447,49.8755313,0.0777873,0.0758816,0.8581072,0.8557679
13.98,49.8331581,49.8741740,0.0775925,0.0756809,0.8583144,0.8556721
13.99,49.8319609,49.8728060,0.0774018,0.0754814,0.8585283,0.8555778
14.00,49.8307535,49.8714272,0.0772151,0.0752829,0.8587487,0.8554853
14.01,49.8295360,49.8700378,0.0770325,0.0750854,0.8589757,0.8553944
14.02,49.8283088,49.8686378,0.0768540,0.0748891,0.8592092,0.8553052
14.03,49.8270721,49.8672274,0.0766796,0.0746938,0.8594491,0.8552176
14.04,49.8258262,49.8658065,0.0765094,0.0744995,0.8596953,0.8551317
14.05,49.8245713,49.8643753,0.0763433,0.0743064,0.8599478,0.8550474
14.06,49.8233077,49.8629339,0.0761814,0.0741144,0.8602065,0.8549648
14.07,49.8220358,49.8614823,0.0760238,0.0739234,0.8604713,0.8548839
14.08,49.8207557,49.8600207,0.0758704,0.0737336,0.8607421,0.8548047
14.09,49.8194678,49.8585490,0.0757213,0.0735448,0.8610190,0.8547271
14.10,49.8181723,49.8570674,0.0755764,0.0733572,0.8613018,0.8546511
14.11,49.8168695,49.8555760,0.0754358,0.0731707,0.8615905,0.8545768
14.12,49.8155597,49.8540748,0.0752995,0.0729853,0.8618849,0.8545042
14.13,49.8142431,49.8525640,0.0751675,0.0728011,0.8621850,0.8544332
14.14,49.8129201,49.8510436,0.0750398,0.0726180,0.8624907,0.8543639
14.15,49.8115909,49.8495137,0.0749165,0.0724360,0.8628020,0.8542963
14.16,49.8102558,49.8479743,0.0747975,0.0722552,0.8631188,0.8542303
14.17,49.8089150,49.8464257,0.0746829,0.0720755,0.8634410,0.8541660
14.18,49.8075690,49.8448677,0.0745727,0.0718970,0.8637684,0.8541033
14.19,49.8062178,49.8433007,0.0744668,0.0717197,0.8641011,0.8540423
14.20,49.8048619,49.8417245,0.0743654,0.0715435,0.8644390,0.8539829
14.21,49.8035014,49.8401393,0.0742683,0.0713684,0.8647819,0.8539252
14.22,49.8021367,49.8385452,0.0741757,0.0711946,0.8651298,0.8538691
14.23,49.8007681,49.8369423,0.0740874,0.0710219,0.8654827,0.8538147
14.24,49.7993958,49.8353306,0.0740036,0.0708505,0.8658403,0.8537620
14.25,49.7980202,49.8337103,0.0739241,0.0706802,0.8662027,0.8537108
14.26,49.7966414,49.8320814,0.0738491,0.0705111,0.8665697,0.8536614
14.27,49.7952598,49.8304440,0.0737786,0.0703432,0.8669414,0.8536136
14.28,49.7938757,49.8287982,0.0737124,0.0701765,0.8673174,0.8535674
14.29,49.7924893,49.8271441,0.0736507,0.0700110,0.8676979,0.8535229
14.30,49.7911009,49.8254818,0.0735933,0.0698467,0.8680827,0.8534800
14.31,49.7897108,49.8238113,0.0735404,0.0696837,0.8684718,0.8534387
14.32,49.7883192,49.8221327,0.0734920,0.0695218,0.8688649,0.8533991
14.33,49.7869266,49.8204462,0.0734479,0.0693612,0.8692621,0.8533611
14.34,49.7855330,49.8187518,0.0734082,0.0692018,0.8696632,0.8533248
14.35,49.7841388,49.8170496,0.0733730,0.0690437,0.8700682,0.8532901
14.36,49.7827444,49.8153396,0.0733421,0.0688867,0.8704770,0.8532570
14.37,49.7813498,49.8136221,0.0733157,0.0687311,0.8708895,0.8532256
14.38,49.7799556,49.8118970,0.0732936,0.0685766,0.8713055,0.8531957
14.39,49.7785618,49.8101645,0.0732759,0.0684235,0.8717251,0.8531675
14.40,49.7771687,49.8084246,0.0732626,0.0682715,0.8721480,0.8531410
14.41,49.7757767,49.8066774,0.0732536,0.0681208,0.8725743,0.8531160
14.42,49.7743861,49.8049230,0.0732490,0.0679714,0.8730037,0.8530927
14.43,49.7729970,49.8031615,0.0732487,0.0678233,0.8734363,0.8530710
14.44,49.7716098,49.8013930,0.0732528,0.0676764,0.8738719,0.8530508
14.45,49.7702247,49.7996176,0.0732611,0.0675308,0.8743105,0.8530323
14.46,49.7688419,49.7978354,0.0732737,0.0673864,0.8747519,0.8530154
14.47,49.7674619,49.7960464,0.0732907,0.0672433,0.8751960,0.8530002
14.48,49.7660847,49.7942507,0.0733118,0.0671016,0.8756428,0.8529865
14.49,49.7647107,49.7924485,0.0733373,0.0669610,0.8760922,0.8529744
14.50,49.7633402,49.7906397,0.0733669,0.0668218,0.8765440,0.8529639
14.51,49.7619733,49.7888246,0.0734008,0.0666839,0.8769981,0.8529550
14.52,49.7606104,49.7870032,0.0734389,0.0665472,0.8774546,0.8529477
14.53,49.7592517,49.7851755,0.0734811,0.0664119,0.8779132,0.8529420
14.54,49.7578975,49.7833418,0.0735275,0.0662778,0.8783738,0.8529378
14.55,49.7565480,49.7815019,0.0735780,0.0661451,0.8788365,0.8529353
14.56,49.7552035,49.7796562,0.0736327,0.0660137,0.8793010,0.8529343
14.57,49.7538642,49.7778045,0.0736914,0.0658835,0.8797673,0.8529349
14.58,49.7525303,49.7759471,0.0737542,0.0657547,0.8802353,0.8529371
14.59,49.7512022,49.7740840,0.0738210,0.0656272,0.8807049,0.8529408
14.60,49.7498800,49.7722153,0.0738919,0.0655010,0.8811760,0.8529461
14.61,49.7485641,49.7703411,0.0739667,0.0653761,0.8816485,0.8529530
14.62,49.7472545,49.7684615,0.0740455,0.0652525,0.8821223,0.8529614
14.63,49.7459517,49.7665766,0.0741282,0.0651302,0.8825973,0.8529714
14.64,49.7446558,49.7646864,0.0742148,0.0650093,0.8830733,0.8529829
14.65,49.7433670,49.7627911,0.0743054,0.0648897,0.8835504,0.8529960
14.66,49.7420856,49.7608907,0.0743997,0.0647714,0.8840284,0.8530106
14.67,49.7408118,49.7589853,0.0744979,0.0646545,0.8845073,0.8530268
14.68,49.7395459,49.7570750,0.0745999,0.0645389,0.8849868,0.8530445
14.69,49.7382880,49.7551600,0.0747057,0.0644246,0.8854670,0.8530637
14.70,49.7370384,49.7532402,0.0748151,0.0643117,0.8859477,0.8530844
14.71,49.7357974,49.7513159,0.0749283,0.0642001,0.8864288,0.8531067
14.72,49.7345651,49.7493870,0.0750451,0.0640898,0.8869103,0.8531305
14.73,49.7333417,49.7474537,0.0751656,0.0639809,0.8873920,0.8531558
14.74,49.7321275,49.7455160,0.0752896,0.0638733,0.8878738,0.8531826
14.75,49.7309226,49.7435741,0.0754173,0.0637671,0.8883557,0.8532110
14.76,49.7297274,49.7416280,0.0755484,0.0636622,0.8888375,0.8532408
14.77,49.7285419,49.7396778,0.0756830,0.0635586,0.8893192,0.8532721
14.78,49.7273665,49.7377236,0.0758211,0.0634565,0.8898007,0.8533049
14.79,49.7262012,49.7357656,0.0759626,0.0633556,0.8902818,0.8533393
14.80,49.7250464,49.7338037,0.0761075,0.0632561,0.8907625,0.8533751
14.81,49.7239021,49.7318381,0.0762557,0.0631580,0.8912427,0.8534123
14.82,49.7227686,49.7298689,0.0764072,0.0630612,0.8917223,0.8534511
14.83,49.7216462,49.7278961,0.0765620,0.0629658,0.8922012,0.8534913
14.84,49.7205348,49.7259199,0.0767200,0.0628717,0.8926793,0.8535330
14.85,49.7194349,49.7239403,0.0768812,0.0627790,0.8931565,0.8535761
14.86,49.7183465,49.7219575,0.0770455,0.0626877,0.8936328,0.8536207
14.87,49.7172698,49.7199714,0.0772129,0.0625977,0.8941079,0.8536668
14.88,49.7162050,49.7179823,0.0773834,0.0625091,0.8945819,0.8537143
14.89,49.7151522,49.7159901,0.0775569,0.0624218,0.8950547,0.8537632
14.90,49.7141117,49.7139951,0.0777333,0.0623359,0.8955261,0.8538136
14.91,49.7130837,49.7119972,0.0779127,0.0622513,0.8959961,0.8538654
14.92,49.7120682,49.7099965,0.0780950,0.0621682,0.8964646,0.8539187
14.93,49.7110654,49.7079932,0.0782801,0.0620863,0.8969315,0.8539733
14.94,49.7100756,49.7059874,0.0784680,0.0620059,0.8973967,0.8540294
14.95,49.7090988,49.7039790,0.0786586,0.0619268,0.8978601,0.8540869
14.96,49.7081352,49.7019683,0.0788520,0.0618491,0.8983217,0.8541458
14.97,49.7071850,49.6999553,0.0790480,0.0617728,0.8987813,0.8542061
14.98,49.7062483,49.6979400,0.0792466,0.0616978,0.8992389,0.8542677
14.99,49.7053253,49.6959227,0.0794478,0.0616242,0.8996944,0.8543308
15.00,49.7044160,49.6939033,0.0796516,0.0615519,0.9001477,0.8543953
15.01,49.7035207,49.6918819,0.0798577,0.0614810,0.9005986,0.8544611
15.02,49.7026395,49.6898587,0.0800664,0.0614115,0.9010473,0.8545283
15.03,49.7017724,49.6878337,0.0802773,0.0613434,0.9014935,0.8545969
15.04,49.7009197,49.6858071,0.0804907,0.0612766,0.9019371,0.8546668
15.05,49.7000815,49.6837788,0.0807063,0.0612112,0.9023782,0.8547381
15.06,49.6992579,49.6817491,0.0809241,0.0611471,0.9028166,0.8548107
15.07,49.6984489,49.6797179,0.0811441,0.0610844,0.9032522,0.8548847
15.08,49.6976548,49.6776853,0.0813662,0.0610231,0.9036850,0.8549600
15.09,49.6968756,49.6756516,0.0815905,0.0609632,0.9041148,0.8550367
15.10,49.6961114,49.6736166,0.0818167,0.0609046,0.9045417,0.8551147
15.11,49.6953624,49.6715806,0.0820449,0.0608474,0.9049655,0.8551940
15.12,49.6946287,49.6695436,0.0822751,0.0607915,0.9053861,0.8552746
15.13,49.6939103,49.6675057,0.0825071,0.0607370,0.9058036,0.8553565
15.14,49.6932073,49.6654670,0.0827410,0.0606839,0.9062177,0.8554397
15.15,49.6925199,49.6634276,0.0829767,0.0606321,0.9066285,0.8555242
15.16,49.6918482,49.6613875,0.0832140,0.0605818,0.9070359,0.8556100
15.17,49.6911921,49.6593469,0.0834531,0.0605327,0.9074397,0.8556971
15.18,49.6905518,49.6573058,0.0836937,0.0604850,0.9078400,0.8557855
15.19,49.6899275,49.6552643,0.0839360,0.0604387,0.9082367,0.8558751
15.20,49.6893190,49.6532225,0.0841797,0.0603938,0.9086296,0.8559660
15.21,49.6887267,49.6511805,0.0844250,0.0603502,0.9090188,0.8560582
15.22,49.6881504,49.6491383,0.0846716,0.0603079,0.9094041,0.8561516
15.23,49.6875902,49.6470961,0.0849196,0.0602670,0.9097856,0.8562463
15.24,49.6870464,49.6450540,0.0851689,0.0602275,0.9101630,0.8563421
15.25,49.6865188,49.6430120,0.0854195,0.0601893,0.9105365,0.8564393
15.26,49.6860075,49.6409702,0.0856712,0.0601525,0.9109058,0.8565376
15.27,49.6855127,49.6389286,0.0859241,0.0601170,0.9112710,0.8566372
15.28,49.6850343,49.6368875,0.0861781,0.0600829,0.9116320,0.8567380
15.29,49.6845724,49.6348468,0.0864332,0.0600501,0.9119887,0.8568399
15.30,49.6841270,49.6328067,0.0866892,0.0600187,0.9123411,0.8569431
15.31,49.6836982,49.6307672,0.0869462,0.0599886,0.9126891,0.8570475
15.32,49.6832860,49.6287284,0.0872041,0.0599599,0.9130326,0.8571531
15.33,49.6828905,49.6266903,0.0874628,0.0599325,0.9133717,0.8572598
15.34,49.6825117,49.6246532,0.0877222,0.0599064,0.9137062,0.8573677
15.35,49.6821495,49.6226170,0.0879824,0.0598817,0.9140361,0.8574768
15.36,49.6818041,49.6205819,0.0882433,0.0598583,0.9143614,0.8575870
15.37,49.6814754,49.6185479,0.0885048,0.0598363,0.9146820,0.8576984
15.38,49.6811635,49.6165151,0.0887668,0.0598156,0.9149978,0.8578109
15.39,49.6808684,49.6144836,0.0890294,0.0597962,0.9153088,0.8579246
15.40,49.6805900,49.6124534,0.0892924,0.0597781,0.9156150,0.8580394
15.41,49.6803285,49.6104248,0.0895558,0.0597614,0.9159162,0.8581553
15.42,49.6800837,49.6083976,0.0898196,0.0597460,0.9162126,0.8582723
15.43,49.6798557,49.6063720,0.0900837,0.0597319,0.9165039,0.8583904
15.44,49.6796445,49.6043482,0.0903480,0.0597192,0.9167902,0.8585096
15.45,49.6794501,49.6023261,0.0906125,0.0597077,0.9170715,0.8586300
15.46,49.6792724,49.6003059,0.0908771,0.0596976,0.9173477,0.8587514
15.47,49.6791115,49.5982876,0.0911419,0.0596888,0.9176187,0.8588739
15.48,49.6789674,49.5962713,0.0914067,0.0596813,0.9178845,0.8589974
15.49,49.6788399,49.5942571,0.0916714,0.0596751,0.9181451,0.8591221
15.50,49.6787292,49.5922450,0.0919361,0.0596703,0.9184004,0.8592477
15.51,49.6786351,49.5902353,0.0922007,0.0596667,0.9186505,0.8593745
15.52,49.6785577,49.5882278,0.0924651,0.0596644,0.9188952,0.8595023
15.53,49.6784968,49.5862228,0.0927293,0.0596634,0.9191345,0.8596311
15.54,49.6784526,49.5842202,0.0929932,0.0596638,0.9193685,0.8597609
15.55,49.6784248,49.5822202,0.0932568,0.0596654,0.9195970,0.8598917
15.56,49.6784136,49.5802229,0.0935200,0.0596683,0.9198201,0.8600236
15.57,49.6784188,49.5782282,0.0937827,0.0596725,0.9200378,0.8601565
15.58,49.6784404,49.5762364,0.0940450,0.0596780,0.9202499,0.8602903
15.59,49.6784783,49.5742474,0.0943068,0.0596847,0.9204565,0.8604252
15.60,49.6785325,49.5722614,0.0945680,0.0596928,0.9206575,0.8605610
15.61,49.6786030,49.5702784,0.0948286,0.0597021,0.9208529,0.8606979
15.62,49.6786896,49.5682985,0.0950885,0.0597127,0.9210428,0.8608356
15.63,49.6787923,49.5663217,0.0953477,0.0597246,0.9212270,0.8609744
15.64,49.6789110,49.5643483,0.0956061,0.0597377,0.9214056,0.8611140
15.65,49.6790457,49.5623781,0.0958636,0.0597521,0.9215785,0.8612547
15.66,49.6791963,49.5604114,0.0961203,0.0597677,0.9217457,0.8613962
15.67,49.6793628,49.5584481,0.0963761,0.0597847,0.9219073,0.8615387
15.68,49.6795449,49.5564883,0.0966309,0.0598028,0.9220631,0.8616821
15.69,49.6797427,49.5545322,0.0968848,0.0598222,0.9222132,0.8618265
15.70,49.6799561,49.5525798,0.0971375,0.0598429,0.9223576,0.8619717
15.71,49.6801850,49.5506312,0.0973891,0.0598648,0.9224962,0.8621178
15.72,49.6804293,49.5486864,0.0976396,0.0598880,0.9226291,0.8622648
15.73,49.6806889,49.5467455,0.0978889,0.0599124,0.9227562,0.8624127
15.74,49.6809636,49.5448086,0.0981370,0.0599380,0.9228775,0.8625615
15.75,49.6812535,49.5428757,0.0983837,0.0599648,0.9229930,0.8627111
15.76,49.6815584,49.5409470,0.0986291,0.0599929,0.9231028,0.8628616
15.77,49.6818782,49.5390225,0.0988732,0.0600222,0.9232067,0.8630129
15.78,49.6822128,49.5371023,0.0991158,0.0600527,0.9233049,0.8631650
15.79,49.6825621,49.5351864,0.0993569,0.0600844,0.9233972,0.8633180
15.80,49.6829260,49.5332749,0.0995966,0.0601174,0.9234837,0.8634719
15.81,49.6833044,49.5313679,0.0998347,0.0601515,0.9235645,0.8636265
15.82,49.6836971,49.5294654,0.1000712,0.0601869,0.9236394,0.8637819
15.83,49.6841040,49.5275676,0.1003060,0.0602234,0.9237086,0.8639382
15.84,49.6845250,49.5256744,0.1005392,0.0602612,0.9237719,0.8640952
15.85,49.6849600,49.5237861,0.1007707,0.0603001,0.9238295,0.8642530
15.86,49.6854089,49.5219025,0.1010004,0.0603402,0.9238813,0.8644116
15.87,49.6858715,49.5200239,0.1012283,0.0603815,0.9239272,0.8645710
15.88,49.6863477,49.5181502,0.1014543,0.0604240,0.9239675,0.8647311
15.89,49.6868374,49.5162815,0.1016785,0.0604677,0.9240019,0.8648920
15.90,49.6873404,49.5144179,0.1019008,0.0605125,0.9240306,0.8650536
15.91,49.6878566,49.5125595,0.1021211,0.0605585,0.9240536,0.8652159
15.92,49.6883858,49.5107064,0.1023394,0.0606056,0.9240708,0.8653790
15.93,49.6889280,49.5088585,0.1025557,0.0606540,0.9240823,0.8655428
15.94,49.6894829,49.5070160,0.1027699,0.0607034,0.9240881,0.8657073
15.95,49.6900505,49.5051789,0.1029821,0.0607540,0.9240883,0.8658725
15.96,49.6906305,49.5033473,0.1031921,0.0608058,0.9240827,0.8660384
15.97,49.6912229,49.5015213,0.1033999,0.0608587,0.9240715,0.8662050
15.98,49.6918274,49.4997009,0.1036055,0.0609127,0.9240547,0.8663722
15.99,49.6924439,49.4978862,0.1038088,0.0609679,0.9240323,0.8665401
16.00,49.6930723,49.4960772,0.1040099,0.0610242,0.9240042,0.8667087
16.01,49.6937124,49.4942740,0.1042087,0.0610816,0.9239706,0.8668779
16.02,49.6943641,49.4924767,0.1044052,0.0611401,0.9239314,0.8670478
16.03,49.6950271,49.4906853,0.1045992,0.0611997,0.9238868,0.8672183
16.04,49.6957014,49.4889000,0.1047909,0.0612605,0.9238366,0.8673894
16.05,49.6963867,49.4871207,0.1049801,0.0613223,0.9237809,0.8675612
16.06,49.6970829,49.4853475,0.1051669,0.0613852,0.9237198,0.8677335
16.07,49.6977898,49.4835805,0.1053512,0.0614493,0.9236533,0.8679065
16.08,49.6985072,49.4818197,0.1055329,0.0615144,0.9235814,0.8680800
16.09,49.6992351,49.4800652,0.1057121,0.0615806,0.9235041,0.8682542
16.10,49.6999731,49.4783171,0.1058888,0.0616478,0.9234215,0.8684289
16.11,49.7007212,49.4765754,0.1060628,0.0617162,0.9233336,0.8686041
16.12,49.7014791,49.4748402,0.1062342,0.0617856,0.9232404,0.8687800
16.13,49.7022467,49.4731116,0.1064029,0.0618561,0.9231420,0.8689564
16.14,49.7030238,49.4713895,0.1065689,0.0619276,0.9230384,0.8691333
16.15,49.7038102,49.4696741,0.1067323,0.0620002,0.9229296,0.8693107
16.16,49.7046057,49.4679653,0.1068929,0.0620738,0.9228157,0.8694887
16.17,49.7054102,49.4662634,0.1070507,0.0621485,0.9226967,0.8696672
16.18,49.7062235,49.4645683,0.1072058,0.0622242,0.9225727,0.8698462
16.19,49.7070453,49.4628800,0.1073581,0.0623009,0.9224436,0.8700257
16.20,49.7078755,49.4611987,0.1075075,0.0623787,0.9223096,0.8702057
16.21,49.7087140,49.4595244,0.1076541,0.0624575,0.9221706,0.8703862
16.22,49.7095605,49.4578571,0.1077978,0.0625373,0.9220268,0.8705671
16.23,49.7104148,49.4561969,0.1079387,0.0626181,0.9218781,0.8707486
16.24,49.7112767,49.4545439,0.1080766,0.0626999,0.9217246,0.8709304
16.25,49.7121461,49.4528980,0.1082116,0.0627827,0.9215663,0.8711127
16.26,49.7130227,49.4512595,0.1083437,0.0628665,0.9214034,0.8712955
16.27,49.7139064,49.4496282,0.1084728,0.0629512,0.9212357,0.8714787
16.28,49.7147970,49.4480043,0.1085989,0.0630370,0.9210635,0.8716623
16.29,49.7156942,49.4463879,0.1087221,0.0631237,0.9208866,0.8718463
16.30,49.7165979,49.4447788,0.1088422,0.0632115,0.9207053,0.8720308
16.31,49.7175079,49.4431774,0.1089593,0.0633001,0.9205194,0.8722156
16.32,49.7184240,49.4415834,0.1090734,0.0633898,0.9203292,0.8724008
16.33,49.7193460,49.4399971,0.1091845,0.0634804,0.9201345,0.8725864
16.34,49.7202737,49.4384185,0.1092924,0.0635719,0.9199355,0.8727724
16.35,49.7212068,49.4368476,0.1093973,0.0636644,0.9197323,0.8729587
16.36,49.7221452,49.4352844,0.1094991,0.0637578,0.9195248,0.8731454
16.37,49.7230888,49.4337291,0.1095978,0.0638521,0.9193132,0.8733325
16.38,49.7240372,49.4321817,0.1096934,0.0639474,0.9190974,0.8735198
16.39,49.7249903,49.4306421,0.1097859,0.0640436,0.9188776,0.8737075
16.40,49.7259479,49.4291105,0.1098753,0.0641407,0.9186537,0.8738956
16.41,49.7269098,49.4275869,0.1099615,0.0642387,0.9184259,0.8740839
16.42,49.7278757,49.4260714,0.1100445,0.0643376,0.9181942,0.8742725
16.43,49.7288456,49.4245640,0.1101245,0.0644374,0.9179587,0.8744615
16.44,49.7298191,49.4230647,0.1102012,0.0645380,0.9177194,0.8746507
16.45,49.7307961,49.4215736,0.1102748,0.0646396,0.9174764,0.8748402
16.46,49.7317764,49.4200907,0.1103453,0.0647420,0.9172297,0.8750300
16.47,49.7327598,49.4186161,0.1104125,0.0648454,0.9169794,0.8752200
16.48,49.7337460,49.4171498,0.1104766,0.0649495,0.9167256,0.8754103
16.49,49.7347349,49.4156919,0.1105375,0.0650546,0.9164682,0.8756008
16.50,49.7357263,49.4142424,0.1105952,0.0651605,0.9162075,0.8757916
16.51,49.7367199,49.4128014,0.1106497,0.0652672,0.9159433,0.8759826
16.52,49.7377156,49.4113689,0.1107011,0.0653748,0.9156759,0.8761738
16.53,49.7387132,49.4099448,0.1107492,0.0654832,0.9154053,0.8763652
16.54,49.7397124,49.4085294,0.1107942,0.0655924,0.9151314,0.8765569
16.55,49.7407131,49.4071226,0.1108360,0.0657025,0.9148545,0.8767487
16.56,49.7417151,49.4057244,0.1108746,0.0658133,0.9145745,0.8769407
16.57,49.7427181,49.4043350,0.1109100,0.0659250,0.9142915,0.8771329
16.58,49.7437220,49.4029542,0.1109422,0.0660375,0.9140055,0.8773253
16.59,49.7447265,49.4015823,0.1109712,0.0661508,0.9137168,0.8775178
16.60,49.7457315,49.4002191,0.1109971,0.0662648,0.9134252,0.8777105
16.61,49.7467367,49.3988648,0.1110198,0.0663797,0.9131309,0.8779033
16.62,49.7477420,49.3975194,0.1110393,0.0664953,0.9128339,0.8780963
16.63,49.7487472,49.3961830,0.1110557,0.0666117,0.9125344,0.8782894
16.64,49.7497521,49.3948554,0.1110689,0.0667288,0.9122323,0.8784826
16.65,49.7507564,49.3935369,0.1110790,0.0668468,0.9119277,0.8786759
16.66,49.7517600,49.3922275,0.1110859,0.0669654,0.9116208,0.8788693
16.67,49.7527627,49.3909271,0.1110897,0.0670848,0.9113115,0.8790628
16.68,49.7537642,49.3896358,0.1110903,0.0672050,0.9110000,0.8792564
16.69,49.7547645,49.3883536,0.1110879,0.0673259,0.9106863,0.8794501
16.70,49.7557632,49.3870806,0.1110823,0.0674475,0.9103704,0.8796439
16.71,49.7567603,49.3858168,0.1110736,0.0675698,0.9100525,0.8798377
16.72,49.7577555,49.3845623,0.1110619,0.0676928,0.9097326,0.8800316
16.73,49.7587486,49.3833171,0.1110471,0.0678166,0.9094108,0.8802255
16.74,49.7597394,49.3820811,0.1110292,0.0679410,0.9090871,0.8804194
16.75,49.7607278,49.3808545,0.1110082,0.0680661,0.9087617,0.8806134
16.76,49.7617136,49.3796372,0.1109842,0.0681919,0.9084345,0.8808074
16.77,49.7626965,49.3784294,0.1109572,0.0683184,0.9081057,0.8810015
16.78,49.7636764,49.3772310,0.1109272,0.0684456,0.9077753,0.8811955
16.79,49.7646531,49.3760420,0.1108942,0.0685734,0.9074434,0.8813895
16.80,49.7656265,49.3748626,0.1108582,0.0687019,0.9071101,0.8815835
16.81,49.7665963,49.3736926,0.1108192,0.0688311,0.9067754,0.8817775
16.82,49.7675623,49.3725322,0.1107773,0.0689608,0.9064394,0.8819715
16.83,49.7685245,49.3713814,0.1107325,0.0690913,0.9061022,0.8821654
16.84,49.7694825,49.3702402,0.1106847,0.0692223,0.9057638,0.8823593
16.85,49.7704363,49.3691086,0.1106341,0.0693540,0.9054244,0.8825532
16.86,49.7713856,49.3679867,0.1105805,0.0694863,0.9050839,0.8827470
16.87,49.7723304,49.3668744,0.1105241,0.0696192,0.9047425,0.8829407
16.88,49.7732703,49.3657719,0.1104649,0.0697527,0.9044002,0.8831343
16.89,49.7742052,49.3646791,0.1104029,0.0698869,0.9040571,0.8833279
16.90,49.7751351,49.3635961,0.1103380,0.0700216,0.9037133,0.8835214
16.91,49.7760596,49.3625228,0.1102704,0.0701568,0.9033688,0.8837148
16.92,49.7769787,49.3614594,0.1102000,0.0702927,0.9030237,0.8839080
16.93,49.7778921,49.3604058,0.1101269,0.0704291,0.9026780,0.8841012
16.94,49.7787997,49.3593620,0.1100510,0.0705662,0.9023320,0.8842942
16.95,49.7797014,49.3583281,0.1099725,0.0707037,0.9019855,0.8844871
16.96,49.7805970,49.3573042,0.1098913,0.0708418,0.9016387,0.8846799
16.97,49.7814863,49.3562901,0.1098074,0.0709805,0.9012916,0.8848725
16.98,49.7823692,49.3552860,0.1097210,0.0711197,0.9009444,0.8850650
16.99,49.7832454,49.3542919,0.1096319,0.0712594,0.9005970,0.8852573
17.00,49.7841150,49.3533077,0.1095403,0.0713996,0.9002496,0.8854495
17.01,49.7849776,49.3523336,0.1094461,0.0715404,0.8999023,0.8856415
17.02,49.7858332,49.3513694,0.1093494,0.0716816,0.8995550,0.8858333
17.03,49.7866817,49.3504153,0.1092502,0.0718234,0.8992079,0.8860249
17.04,49.7875228,49.3494713,0.1091486,0.0719657,0.8988610,0.8862163
17.05,49.7883564,49.3485374,0.1090445,0.0721084,0.8985144,0.8864075
17.06,49.7891824,49.3476135,0.1089380,0.0722516,0.8981682,0.8865985
17.07,49.7900006,49.3466998,0.1088291,0.0723953,0.8978224,0.8867893
17.08,49.7908110,49.3457962,0.1087179,0.0725395,0.8974771,0.8869798
17.09,49.7916133,49.3449028,0.1086043,0.0726841,0.8971323,0.8871701
17.10,49.7924074,49.3440195,0.1084884,0.0728292,0.8967882,0.8873602
17.11,49.7931933,49.3431464,0.1083703,0.0729748,0.8964448,0.8875500
17.12,49.7939707,49.3422835,0.1082499,0.0731207,0.8961021,0.8877396
17.13,49.7947396,49.3414308,0.1081274,0.0732671,0.8957603,0.8879289
17.14,49.7954997,49.3405883,0.1080026,0.0734140,0.8954193,0.8881179
17.15,49.7962511,49.3397560,0.1078757,0.0735612,0.8950793,0.8883067
17.16,49.7969935,49.3389340,0.1077467,0.0737089,0.8947404,0.8884951
17.17,49.7977269,49.3381223,0.1076156,0.0738569,0.8944025,0.8886833
17.18,49.7984511,49.3373209,0.1074824,0.0740054,0.8940657,0.8888712
17.19,49.7991660,49.3365297,0.1073473,0.0741543,0.8937302,0.8890587
17.20,49.7998716,49.3357488,0.1072101,0.0743035,0.8933959,0.8892460
17.21,49.8005676,49.3349783,0.1070710,0.0744531,0.8930630,0.8894329
17.22,49.8012540,49.3342180,0.1069299,0.0746031,0.8927314,0.8896195
17.23,49.8019307,49.3334681,0.1067870,0.0747534,0.8924014,0.8898058
17.24,49.8025975,49.3327285,0.1066422,0.0749041,0.8920728,0.8899917
17.25,49.8032544,49.3319993,0.1064956,0.0750552,0.8917458,0.8901773
17.26,49.8039013,49.3312804,0.1063473,0.0752066,0.8914204,0.8903625
17.27,49.8045380,49.3305719,0.1061971,0.0753583,0.8910968,0.8905473
17.28,49.8051646,49.3298738,0.1060453,0.0755103,0.8907748,0.8907318
17.29,49.8057808,49.3291860,0.1058917,0.0756627,0.8904547,0.8909159
17.30,49.8063865,49.3285087,0.1057365,0.0758154,0.8901365,0.8910996
17.31,49.8069818,49.3278417,0.1055797,0.0759684,0.8898202,0.8912830
17.32,49.8075665,49.3271851,0.1054214,0.0761217,0.8895059,0.8914659
17.33,49.8081406,49.3265389,0.1052614,0.0762753,0.8891936,0.8916484
17.34,49.8087038,49.3259032,0.1051000,0.0764292,0.8888834,0.8918305
17.35,49.8092563,49.3252778,0.1049371,0.0765833,0.8885754,0.8920122
17.36,49.8097978,49.3246629,0.1047728,0.0767377,0.8882695,0.8921935
17.37,49.8103283,49.3240584,0.1046071,0.0768924,0.8879660,0.8923744
17.38,49.8108478,49.3234643,0.1044400,0.0770474,0.8876647,0.8925548
17.39,49.8113562,49.3228806,0.1042716,0.0772026,0.8873658,0.8927347
17.40,49.8118534,49.3223074,0.1041019,0.0773580,0.8870693,0.8929142
17.41,49.8123393,49.3217446,0.1039309,0.0775137,0.8867753,0.8930933
17.42,49.8128139,49.3211923,0.1037588,0.0776696,0.8864838,0.8932719
17.43,49.8132771,49.3206503,0.1035854,0.0778257,0.8861948,0.8934500
17.44,49.8137288,49.3201189,0.1034110,0.0779821,0.8859085,0.8936276
17.45,49.8141691,49.3195978,0.1032354,0.0781386,0.8856248,0.8938048
17.46,49.8145978,49.3190872,0.1030588,0.0782954,0.8853439,0.8939815
17.47,49.8150149,49.3185870,0.1028811,0.0784524,0.8850657,0.8941576
17.48,49.8154204,49.3180973,0.1027025,0.0786095,0.8847903,0.8943333
17.49,49.8158142,49.3176180,0.1025229,0.0787668,0.8845178,0.8945085
17.50,49.8161962,49.3171491,0.1023424,0.0789243,0.8842482,0.8946831
17.51,49.8165665,49.3166906,0.1021610,0.0790820,0.8839815,0.8948573
17.52,49.8169249,49.3162426,0.1019788,0.0792398,0.8837178,0.8950309
17.53,49.8172715,49.3158050,0.1017958,0.0793978,0.8834571,0.8952039
17.54,49.8176062,49.3153778,0.1016121,0.0795560,0.8831995,0.8953765
17.55,49.8179290,49.3149611,0.1014276,0.0797142,0.8829450,0.8955485
17.56,49.8182398,49.3145547,0.1012424,0.0798726,0.8826937,0.8957199
17.57,49.8185387,49.3141587,0.1010566,0.0800312,0.8824455,0.8958908
17.58,49.8188255,49.3137732,0.1008702,0.0801898,0.8822006,0.8960611
17.59,49.8191004,49.3133980,0.1006832,0.0803486,0.8819590,0.8962309
17.60,49.8193632,49.3130333,0.1004957,0.0805075,0.8817207,0.8964000
17.61,49.8196139,49.3126789,0.1003077,0.0806664,0.8814857,0.8965686
17.62,49.8198526,49.3123349,0.1001193,0.0808255,0.8812541,0.8967366
17.63,49.8200792,49.3120012,0.0999305,0.0809847,0.8810260,0.8969041
17.64,49.8202937,49.3116780,0.0997412,0.0811439,0.8808013,0.8970709
17.65,49.8204961,49.3113650,0.0995517,0.0813032,0.8805801,0.8972371
17.66,49.8206864,49.3110624,0.0993618,0.0814626,0.8803624,0.8974027
17.67,49.8208646,49.3107702,0.0991717,0.0816220,0.8801482,0.8975677
17.68,49.8210307,49.3104883,0.0989814,0.0817815,0.8799377,0.8977321
17.69,49.8211847,49.3102167,0.0987908,0.0819410,0.8797307,0.8978958
17.70,49.8213266,49.3099553,0.0986002,0.0821006,0.8795274,0.8980589
17.71,49.8214564,49.3097043,0.0984094,0.0822602,0.8793278,0.8982214
17.72,49.8215742,49.3094636,0.0982185,0.0824198,0.8791319,0.8983833
17.73,49.8216798,49.3092331,0.0980277,0.0825794,0.8789398,0.8985445
17.74,49.8217734,49.3090129,0.0978368,0.0827391,0.8787514,0.8987050
17.75,49.8218550,49.3088030,0.0976460,0.0828988,0.8785667,0.8988649
17.76,49.8219246,49.3086033,0.0974552,0.0830584,0.8783859,0.8990241
17.77,49.8219821,49.3084138,0.0972646,0.0832181,0.8782090,0.8991827
17.78,49.8220277,49.3082345,0.0970741,0.0833777,0.8780358,0.8993406
17.79,49.8220613,49.3080654,0.0968838,0.0835373,0.8778666,0.8994978
17.80,49.8220830,49.3079065,0.0966938,0.0836969,0.8777013,0.8996543
17.81,49.8220928,49.3077578,0.0965040,0.0838565,0.8775399,0.8998101
17.82,49.8220908,49.3076192,0.0963145,0.0840160,0.8773824,0.8999653
17.83,49.8220769,49.3074907,0.0961254,0.0841755,0.8772290,0.9001197
17.84,49.8220513,49.3073724,0.0959366,0.0843349,0.8770795,0.9002734
17.85,49.8220139,49.3072641,0.0957482,0.0844942,0.8769340,0.9004265
17.86,49.8219648,49.3071660,0.0955603,0.0846535,0.8767925,0.9005788
17.87,49.8219040,49.3070779,0.0953729,0.0848127,0.8766551,0.9007304
17.88,49.8218317,49.3069999,0.0951860,0.0849719,0.8765217,0.9008813
17.89,49.8217477,49.3069319,0.0949996,0.0851309,0.8763923,0.9010314
17.90,49.8216523,49.3068739,0.0948139,0.0852899,0.8762671,0.9011808
17.91,49.8215454,49.3068259,0.0946287,0.0854487,0.8761459,0.9013295
17.92,49.8214270,49.3067879,0.0944442,0.0856075,0.8760289,0.9014774
17.93,49.8212973,49.3067599,0.0942604,0.0857661,0.8759160,0.9016246
17.94,49.8211563,49.3067418,0.0940773,0.0859247,0.8758072,0.9017711
17.95,49.8210041,49.3067336,0.0938950,0.0860831,0.8757025,0.9019168
17.96,49.8208407,49.3067353,0.0937135,0.0862413,0.8756020,0.9020617
17.97,49.8206662,49.3067469,0.0935328,0.0863995,0.8755056,0.9022058
17.98,49.8204807,49.3067684,0.0933530,0.0865575,0.8754134,0.9023492
17.99,49.8202842,49.3067997,0.0931740,0.0867153,0.8753253,0.9024919
18.00,49.8200768,49.3068408,0.0929960,0.0868730,0.8752414,0.9026337
18.01,49.8198585,49.3068917,0.0928189,0.0870305,0.8751617,0.9027748
18.02,49.8196295,49.3069524,0.0926429,0.0871879,0.8750862,0.9029150
18.03,49.8193898,49.3070228,0.0924678,0.0873450,0.8750148,0.9030545
18.04,49.8191395,49.3071029,0.0922938,0.0875021,0.8749476,0.9031932
18.05,49.8188787,49.3071928,0.0921209,0.0876589,0.8748846,0.9033311
18.06,49.8186075,49.3072923,0.0919491,0.0878155,0.8748258,0.9034682
18.07,49.8183259,49.3074015,0.0917784,0.0879719,0.8747712,0.9036045
18.08,49.8180340,49.3075203,0.0916090,0.0881281,0.8747207,0.9037400
18.09,49.8177319,49.3076487,0.0914407,0.0882842,0.8746745,0.9038746
18.10,49.8174198,49.3077867,0.0912736,0.0884400,0.8746324,0.9040085
18.11,49.8170976,49.3079342,0.0911079,0.0885955,0.8745944,0.9041415
18.12,49.8167656,49.3080913,0.0909434,0.0887509,0.8745607,0.9042737
18.13,49.8164237,49.3082578,0.0907802,0.0889060,0.8745311,0.9044051
18.14,49.8160721,49.3084338,0.0906184,0.0890609,0.8745057,0.9045356
18.15,49.8157108,49.3086193,0.0904580,0.0892155,0.8744844,0.9046653
18.16,49.8153401,49.3088142,0.0902990,0.0893698,0.8744672,0.9047942
18.17,49.8149599,49.3090185,0.0901414,0.0895240,0.8744542,0.9049222
18.18,49.8145704,49.3092322,0.0899852,0.0896778,0.8744453,0.9050494
18.19,49.8141716,49.3094551,0.0898306,0.0898314,0.8744405,0.9051757
18.20,49.8137638,49.3096874,0.0896774,0.0899847,0.8744399,0.9053012
18.21,49.8133469,49.3099290,0.0895258,0.0901377,0.8744433,0.9054258
18.22,49.8129212,49.3101798,0.0893758,0.0902905,0.8744507,0.9055495
18.23,49.8124866,49.3104399,0.0892273,0.0904429,0.8744623,0.9056724
18.24,49.8120434,49.3107091,0.0890805,0.0905950,0.8744779,0.9057944
18.25,49.8115916,49.3109875,0.0889353,0.0907469,0.8744975,0.9059156
18.26,49.8111314,49.3112750,0.0887917,0.0908984,0.8745212,0.9060359
18.27,49.8106628,49.3115716,0.0886499,0.0910496,0.8745488,0.9061553
18.28,49.8101860,49.3118772,0.0885097,0.0912005,0.8745805,0.9062738
18.29,49.8097011,49.3121919,0.0883713,0.0913511,0.8746161,0.9063914
18.30,49.8092082,49.3125156,0.0882346,0.0915013,0.8746556,0.9065081
18.31,49.8087075,49.3128483,0.0880997,0.0916512,0.8746991,0.9066240
18.32,49.8081989,49.3131899,0.0879666,0.0918008,0.8747465,0.9067390
18.33,49.8076828,49.3135404,0.0878353,0.0919500,0.8747978,0.9068530
18.34,49.8071592,49.3138998,0.0877059,0.0920988,0.8748530,0.9069662
18.35,49.8066282,49.3142680,0.0875783,0.0922473,0.8749120,0.9070785
18.36,49.8060900,49.3146450,0.0874526,0.0923955,0.8749748,0.9071898
18.37,49.8055446,49.3150308,0.0873287,0.0925432,0.8750414,0.9073003
18.38,49.8049922,49.3154253,0.0872068,0.0926906,0.8751118,0.9074099
18.39,49.8044330,49.3158286,0.0870868,0.0928376,0.8751860,0.9075185
18.40,49.8038670,49.3162404,0.0869688,0.0929842,0.8752639,0.9076262
18.41,49.8032945,49.3166610,0.0868528,0.0931304,0.8753454,0.9077330
18.42,49.8027154,49.3170901,0.0867387,0.0932763,0.8754307,0.9078389
18.43,49.8021301,49.3175278,0.0866266,0.0934217,0.8755196,0.9079439
18.44,49.8015385,49.3179740,0.0865165,0.0935667,0.8756121,0.9080479
18.45,49.8009408,49.3184287,0.0864085,0.0937113,0.8757082,0.9081511
18.46,49.8003373,49.3188918,0.0863025,0.0938555,0.8758079,0.9082532
18.47,49.7997279,49.3193633,0.0861986,0.0939993,0.8759111,0.9083545
18.48,49.7991128,49.3198433,0.0860968,0.0941426,0.8760177,0.9084548
18.49,49.7984922,49.3203316,0.0859970,0.0942855,0.8761279,0.9085542
18.50,49.7978663,49.3208281,0.0858994,0.0944280,0.8762415,0.9086527
18.51,49.7972350,49.3213330,0.0858039,0.0945700,0.8763585,0.9087502
18.52,49.7965987,49.3218460,0.0857105,0.0947116,0.8764789,0.9088467
18.53,49.7959574,49.3223673,0.0856193,0.0948527,0.8766026,0.9089424
18.54,49.7953113,49.3228967,0.0855302,0.0949934,0.8767296,0.9090370
18.55,49.7946604,49.3234342,0.0854433,0.0951336,0.8768598,0.9091308
18.56,49.7940051,49.3239798,0.0853585,0.0952733,0.8769934,0.9092235
18.57,49.7933453,49.3245334,0.0852760,0.0954126,0.8771301,0.9093154
18.58,49.7926812,49.3250950,0.0851956,0.0955514,0.8772699,0.9094062
18.59,49.7920131,49.3256646,0.0851174,0.0956897,0.8774129,0.9094962
18.60,49.7913409,49.3262421,0.0850415,0.0958275,0.8775590,0.9095851
18.61,49.7906650,49.3268274,0.0849678,0.0959648,0.8777082,0.9096731
18.62,49.7899853,49.3274206,0.0848963,0.0961017,0.8778603,0.9097602
18.63,49.7893021,49.3280215,0.0848271,0.0962380,0.8780154,0.9098463
18.64,49.7886155,49.3286303,0.0847601,0.0963738,0.8781735,0.9099314
18.65,49.7879256,49.3292467,0.0846954,0.0965091,0.8783344,0.9100155
18.66,49.7872326,49.3298708,0.0846329,0.0966440,0.8784982,0.9100987
18.67,49.7865367,49.3305025,0.0845727,0.0967782,0.8786648,0.9101809
18.68,49.7858379,49.3311418,0.0845147,0.0969120,0.8788342,0.9102622
18.69,49.7851365,49.3317886,0.0844591,0.0970452,0.8790064,0.9103425
18.70,49.7844325,49.3324429,0.0844057,0.0971779,0.8791812,0.9104218
18.71,49.7837262,49.3331047,0.0843546,0.0973101,0.8793586,0.9105001
18.72,49.7830176,49.3337739,0.0843057,0.0974417,0.8795387,0.9105774
18.73,49.7823069,49.3344505,0.0842592,0.0975728,0.8797213,0.9106538
18.74,49.7815942,49.3351344,0.0842150,0.0977034,0.8799065,0.9107292
18.75,49.7808798,49.3358256,0.0841731,0.0978333,0.8800941,0.9108037
18.76,49.7801637,49.3365240,0.0841334,0.0979628,0.8802842,0.9108771
18.77,49.7794461,49.3372296,0.0840961,0.0980916,0.8804766,0.9109496
18.78,49.7787272,49.3379424,0.0840610,0.0982199,0.8806714,0.9110211
18.79,49.7780070,49.3386622,0.0840283,0.0983477,0.8808685,0.9110916
18.80,49.7772857,49.3393891,0.0839978,0.0984748,0.8810678,0.9111611
18.81,49.7765636,49.3401231,0.0839697,0.0986014,0.8812694,0.9112296
18.82,49.7758406,49.3408640,0.0839438,0.0987274,0.8814731,0.9112972
18.83,49.7751170,49.3416118,0.0839203,0.0988528,0.8816789,0.9113638
18.84,49.7743929,49.3423665,0.0838990,0.0989776,0.8818868,0.9114293
18.85,49.7736684,49.3431281,0.0838800,0.0991018,0.8820967,0.9114939
18.86,49.7729438,49.3438964,0.0838633,0.0992254,0.8823086,0.9115576
18.87,49.7722190,49.3446715,0.0838489,0.0993484,0.8825224,0.9116202
18.88,49.7714944,49.3454533,0.0838368,0.0994709,0.8827380,0.9116818
18.89,49.7707699,49.3462417,0.0838269,0.0995927,0.8829555,0.9117425
18.90,49.7700459,49.3470368,0.0838194,0.0997139,0.8831748,0.9118021
18.91,49.7693223,49.3478383,0.0838141,0.0998344,0.8833959,0.9118608
18.92,49.7685994,49.3486464,0.0838110,0.0999544,0.8836186,0.9119185
18.93,49.7678772,49.3494610,0.0838102,0.1000737,0.8838429,0.9119751
18.94,49.7671560,49.3502820,0.0838117,0.1001924,0.8840689,0.9120308
18.95,49.7664358,49.3511093,0.0838153,0.1003105,0.8842964,0.9120856
18.96,49.7657169,49.3519430,0.0838213,0.1004279,0.8845253,0.9121393
18.97,49.7649992,49.3527830,0.0838294,0.1005447,0.8847557,0.9121920
18.98,49.7642831,49.3536291,0.0838398,0.1006609,0.8849875,0.9122437
18.99,49.7635685,49.3544815,0.0838524,0.1007764,0.8852207,0.9122945
19.00,49.7628558,49.3553400,0.0838672,0.1008912,0.8854551,0.9123442
19.01,49.7621448,49.3562045,0.0838841,0.1010054,0.8856908,0.9123930
19.02,49.7614360,49.3570751,0.0839033,0.1011190,0.8859277,0.9124407
19.03,49.7607292,49.3579517,0.0839246,0.1012319,0.8861657,0.9124875
19.04,49.7600247,49.3588342,0.0839481,0.1013441,0.8864048,0.9125333
19.05,49.7593227,49.3597226,0.0839737,0.1014556,0.8866449,0.9125781
19.06,49.7586232,49.3606168,0.0840015,0.1015665,0.8868861,0.9126219
19.07,49.7579264,49.3615168,0.0840314,0.1016767,0.8871281,0.9126647
19.08,49.7572324,49.3624226,0.0840635,0.1017863,0.8873711,0.9127065
19.09,49.7565413,49.3633341,0.0840976,0.1018951,0.8876149,0.9127474
19.10,49.7558532,49.3642511,0.0841338,0.1020033,0.8878595,0.9127872
19.11,49.7551684,49.3651738,0.0841721,0.1021108,0.8881049,0.9128261
19.12,49.7544869,49.3661020,0.0842124,0.1022176,0.8883509,0.9128640
19.13,49.7538088,49.3670358,0.0842549,0.1023237,0.8885976,0.9129008
19.14,49.7531343,49.3679749,0.0842993,0.1024292,0.8888448,0.9129367
19.15,49.7524634,49.3689194,0.0843458,0.1025339,0.8890926,0.9129716
19.16,49.7517964,49.3698693,0.0843942,0.1026379,0.8893409,0.9130055
19.17,49.7511332,49.3708245,0.0844447,0.1027413,0.8895896,0.9130385
19.18,49.7504741,49.3717849,0.0844971,0.1028439,0.8898387,0.9130704
19.19,49.7498192,49.3727505,0.0845515,0.1029458,0.8900882,0.9131014
19.20,49.7491686,49.3737212,0.0846079,0.1030470,0.8903379,0.9131314
19.21,49.7485223,49.3746971,0.0846661,0.1031475,0.8905879,0.9131604
19.22,49.7478806,49.3756779,0.0847263,0.1032472,0.8908381,0.9131884
19.23,49.7472434,49.3766637,0.0847883,0.1033463,0.8910884,0.9132154
19.24,49.7466110,49.3776545,0.0848523,0.1034446,0.8913388,0.9132415
19.25,49.7459835,49.3786502,0.0849181,0.1035422,0.8915892,0.9132666
19.26,49.7453609,49.3796507,0.0849857,0.1036391,0.8918396,0.9132907
19.27,49.7447433,49.3806559,0.0850551,0.1037353,0.8920900,0.9133138
19.28,49.7441309,49.3816659,0.0851264,0.1038307,0.8923402,0.9133359
19.29,49.7435238,49.3826806,0.0851994,0.1039254,0.8925903,0.9133571
19.30,49.7429221,49.3836999,0.0852742,0.1040193,0.8928402,0.9133773
19.31,49.7423258,49.3847237,0.0853507,0.1041125,0.8930899,0.9133965
19.32,49.7417352,49.3857521,0.0854290,0.1042050,0.8933392,0.9134148
19.33,49.7411502,49.3867849,0.0855089,0.1042967,0.8935882,0.9134320
19.34,49.7405709,49.3878222,0.0855905,0.1043877,0.8938368,0.9134484
19.35,49.7399976,49.3888638,0.0856738,0.1044779,0.8940849,0.9134637
19.36,49.7394302,49.3899098,0.0857588,0.1045674,0.8943326,0.9134781
19.37,49.7388689,49.3909600,0.0858453,0.1046561,0.8945797,0.9134915
19.38,49.7383137,49.3920144,0.0859334,0.1047441,0.8948262,0.9135040
19.39,49.7377648,49.3930729,0.0860232,0.1048313,0.8950721,0.9135155
19.40,49.7372222,49.3941356,0.0861144,0.1049178,0.8953173,0.9135260
19.41,49.7366861,49.3952023,0.0862072,0.1050035,0.8955617,0.9135356
19.42,49.7361564,49.3962730,0.0863015,0.1050884,0.8958054,0.9135442
19.43,49.7356334,49.3973476,0.0863973,0.1051726,0.8960483,0.9135518
19.44,49.7351171,49.3984262,0.0864945,0.1052560,0.8962903,0.9135585
19.45,49.7346075,49.3995086,0.0865932,0.1053387,0.8965315,0.9135643
19.46,49.7341047,49.4005947,0.0866933,0.1054205,0.8967716,0.9135691
19.47,49.7336089,49.4016846,0.0867947,0.1055016,0.8970108,0.9135730
19.48,49.7331201,49.4027782,0.0868976,0.1055820,0.8972489,0.9135759
19.49,49.7326383,49.4038754,0.0870018,0.1056615,0.8974859,0.9135778
19.50,49.7321637,49.4049762,0.0871073,0.1057403,0.8977218,0.9135789
19.51,49.7316963,49.4060805,0.0872140,0.1058183,0.8979565,0.9135790
19.52,49.7312362,49.4071883,0.0873221,0.1058955,0.8981900,0.9135781
19.53,49.7307835,49.4082994,0.0874314,0.1059719,0.8984223,0.9135763
19.54,49.7303382,49.4094140,0.0875419,0.1060476,0.8986532,0.9135736
19.55,49.7299004,49.4105318,0.0876536,0.1061225,0.8988828,0.9135699
19.56,49.7294702,49.4116529,0.0877665,0.1061965,0.8991111,0.9135653
19.57,49.7290476,49.4127773,0.0878805,0.1062698,0.8993379,0.9135598
19.58,49.7286327,49.4139047,0.0879956,0.1063423,0.8995632,0.9135534
19.59,49.7282255,49.4150353,0.0881118,0.1064140,0.8997871,0.9135460
19.60,49.7278261,49.4161689,0.0882291,0.1064850,0.9000093,0.9135377
19.61,49.7274346,49.4173054,0.0883474,0.1065551,0.9002300,0.9135285
19.62,49.7270510,49.4184450,0.0884668,0.1066244,0.9004491,0.9135184
19.63,49.7266753,49.4195874,0.0885871,0.1066930,0.9006666,0.9135073
19.64,49.7263077,49.4207326,0.0887083,0.1067607,0.9008823,0.9134954
19.65,49.7259481,49.4218806,0.0888305,0.1068277,0.9010963,0.9134825
19.66,49.7255966,49.4230313,0.0889536,0.1068938,0.9013085,0.9134687
19.67,49.7252533,49.4241847,0.0890776,0.1069592,0.9015189,0.9134540
19.68,49.7249182,49.4253408,0.0892025,0.1070237,0.9017275,0.9134385
19.69,49.7245914,49.4264993,0.0893281,0.1070875,0.9019342,0.9134220
19.70,49.7242728,49.4276604,0.0894546,0.1071504,0.9021389,0.9134046
19.71,49.7239625,49.4288240,0.0895818,0.1072125,0.9023417,0.9133863
19.72,49.7236606,49.4299899,0.0897098,0.1072739,0.9025426,0.9133671
19.73,49.7233671,49.4311582,0.0898384,0.1073344,0.9027414,0.9133471
19.74,49.7230820,49.4323288,0.0899678,0.1073941,0.9029382,0.9133261
19.75,49.7228054,49.4335016,0.0900978,0.1074531,0.9031328,0.9133043
19.76,49.7225372,49.4346767,0.0902285,0.1075112,0.9033254,0.9132816
19.77,49.7222776,49.4358538,0.0903598,0.1075685,0.9035158,0.9132580
19.78,49.7220265,49.4370331,0.0904916,0.1076250,0.9037040,0.9132335
19.79,49.7217840,49.4382143,0.0906240,0.1076806,0.9038901,0.9132082
19.80,49.7215501,49.4393976,0.0907569,0.1077355,0.9040739,0.9131820
19.81,49.7213247,49.4405828,0.0908903,0.1077896,0.9042554,0.9131549
19.82,49.7211080,49.4417698,0.0910242,0.1078428,0.9044346,0.9131270
19.83,49.7209000,49.4429587,0.0911585,0.1078952,0.9046115,0.9130982
19.84,49.7207006,49.4441493,0.0912933,0.1079469,0.9047860,0.9130685
19.85,49.7205099,49.4453417,0.0914284,0.1079977,0.9049581,0.9130380
19.86,49.7203279,49.4465356,0.0915639,0.1080477,0.9051279,0.9130066
19.87,49.7201546,49.4477313,0.0916997,0.1080969,0.9052952,0.9129744
19.88,49.7199900,49.4489284,0.0918358,0.1081452,0.9054600,0.9129413
19.89,49.7198341,49.4501271,0.0919721,0.1081928,0.9056224,0.9129074
19.90,49.7196869,49.4513272,0.0921088,0.1082395,0.9057822,0.9128726
19.91,49.7195485,49.4525287,0.0922456,0.1082854,0.9059395,0.9128371
19.92,49.7194187,49.4537315,0.0923826,0.1083306,0.9060943,0.9128006
19.93,49.7192977,49.4549356,0.0925198,0.1083748,0.9062464,0.9127634
19.94,49.7191855,49.4561410,0.0926571,0.1084183,0.9063960,0.9127253
19.95,49.7190819,49.4573476,0.0927946,0.1084610,0.9065429,0.9126864
19.96,49.7189871,49.4585552,0.0929321,0.1085028,0.9066872,0.9126467
19.97,49.7189010,49.4597640,0.0930697,0.1085439,0.9068288,0.9126061
19.98,49.7188235,49.4609738,0.0932073,0.1085841,0.9069677,0.9125648
19.99,49.7187548,49.4621846,0.0933449,0.1086235,0.9071039,0.9125226
20.00,49.7186948,49.4633963,0.0934824,0.1086621,0.9072374,0.9124796
20.01,49.7186434,49.4646088,0.0936200,0.1086998,0.9073682,0.9124359
20.02,49.7186006,49.4658222,0.0937574,0.1087368,0.9074961,0.9123913
20.03,49.7185665,49.4670363,0.0938947,0.1087729,0.9076213,0.9123459
20.04,49.7185411,49.4682512,0.0940319,0.1088082,0.9077437,0.9122997
20.05,49.7185242,49.4694667,0.0941690,0.1088427,0.9078633,0.9122528
20.06,49.7185159,49.4706829,0.0943058,0.1088764,0.9079801,0.9122050
20.07,49.7185161,49.4718996,0.0944424,0.1089093,0.9080940,0.9121565
20.08,49.7185249,49.4731168,0.0945788,0.1089414,0.9082051,0.9121072
20.09,49.7185421,49.4743344,0.0947150,0.1089726,0.9083132,0.9120571
20.10,49.7185679,49.4755525,0.0948508,0.1090031,0.9084185,0.9120063
20.11,49.7186020,49.4767709,0.0949863,0.1090327,0.9085210,0.9119547
20.12,49.7186446,49.4779896,0.0951215,0.1090615,0.9086205,0.9119023
20.13,49.7186956,49.4792086,0.0952563,0.1090895,0.9087170,0.9118491
20.14,49.7187549,49.4804278,0.0953907,0.1091167,0.9088107,0.9117952
20.15,49.7188225,49.4816471,0.0955247,0.1091431,0.9089014,0.9117406
20.16,49.7188984,49.4828665,0.0956582,0.1091687,0.9089892,0.9116852
20.17,49.7189826,49.4840860,0.0957913,0.1091934,0.9090740,0.9116291
20.18,49.7190749,49.4853055,0.0959238,0.1092174,0.9091558,0.9115722
20.19,49.7191753,49.4865249,0.0960559,0.1092405,0.9092347,0.9115146
20.20,49.7192839,49.4877442,0.0961874,0.1092628,0.9093106,0.9114562
20.21,49.7194005,49.4889634,0.0963184,0.1092844,0.9093835,0.9113971
20.22,49.7195252,49.4901823,0.0964487,0.1093051,0.9094534,0.9113373
20.23,49.7196578,49.4914010,0.0965784,0.1093250,0.9095203,0.9112768
20.24,49.7197983,49.4926194,0.0967075,0.1093441,0.9095842,0.9112155
20.25,49.7199467,49.4938375,0.0968360,0.1093625,0.9096451,0.9111536
20.26,49.7201029,49.4950551,0.0969637,0.1093800,0.9097030,0.9110909
20.27,49.7202669,49.4962723,0.0970907,0.1093967,0.9097579,0.9110275
20.28,49.7204386,49.4974890,0.0972171,0.1094126,0.9098098,0.9109635
20.29,49.7206179,49.4987052,0.0973426,0.1094277,0.9098586,0.9108987
20.30,49.7208049,49.4999207,0.0974674,0.1094420,0.9099045,0.9108332
20.31,49.7209993,49.5011356,0.0975913,0.1094555,0.9099473,0.9107671
20.32,49.7212013,49.5023498,0.0977145,0.1094682,0.9099871,0.9107002
20.33,49.7214106,49.5035632,0.0978368,0.1094802,0.9100239,0.9106327
20.34,49.7216273,49.5047759,0.0979582,0.1094913,0.9100577,0.9105645
20.35,49.7218513,49.5059877,0.0980788,0.1095016,0.9100885,0.9104957
20.36,49.7220825,49.5071986,0.0981984,0.1095112,0.9101163,0.9104261
20.37,49.7223209,49.5084086,0.0983171,0.1095199,0.9101410,0.9103559
20.38,49.7225663,49.5096176,0.0984349,0.1095279,0.9101628,0.9102851
20.39,49.7228188,49.5108255,0.0985517,0.1095351,0.9101816,0.9102136
20.40,49.7230782,49.5120324,0.0986675,0.1095415,0.9101974,0.9101414
20.41,49.7233445,49.5132381,0.0987823,0.1095471,0.9102102,0.9100686
20.42,49.7236176,49.5144426,0.0988960,0.1095519,0.9102200,0.9099952
20.43,49.7238974,49.5156459,0.0990087,0.1095559,0.9102268,0.9099211
20.44,49.7241839,49.5168480,0.0991204,0.1095592,0.9102307,0.9098464
20.45,49.7244770,49.5180487,0.0992309,0.1095617,0.9102316,0.9097710
20.46,49.7247766,49.5192481,0.0993404,0.1095634,0.9102296,0.9096950
20.47,49.7250826,49.5204460,0.0994487,0.1095643,0.9102246,0.9096185
20.48,49.7253949,49.5216425,0.0995559,0.1095645,0.9102167,0.9095413
20.49,49.7257135,49.5228374,0.0996619,0.1095638,0.9102059,0.9094634
20.50,49.7260384,49.5240308,0.0997668,0.1095625,0.9101921,0.9093850
20.51,49.7263693,49.5252226,0.0998704,0.1095603,0.9101755,0.9093060
20.52,49.7267062,49.5264128,0.0999729,0.1095574,0.9101560,0.9092264
20.53,49.7270491,49.5276013,0.1000741,0.1095537,0.9101336,0.9091462
20.54,49.7273978,49.5287880,0.1001740,0.1095492,0.9101083,0.9090654
20.55,49.7277523,49.5299729,0.1002728,0.1095440,0.9100802,0.9089840
20.56,49.7281125,49.5311561,0.1003702,0.1095380,0.9100493,0.9089020
20.57,49.7284783,49.5323373,0.1004663,0.1095313,0.9100155,0.9088195
20.58,49.7288496,49.5335166,0.1005612,0.1095238,0.9099789,0.9087364
20.59,49.7292263,49.5346940,0.1006547,0.1095155,0.9099396,0.9086527
20.60,49.7296083,49.5358693,0.1007469,0.1095065,0.9098974,0.9085685
20.61,49.7299956,49.5370426,0.1008377,0.1094968,0.9098525,0.9084837
20.62,49.7303880,49.5382138,0.1009272,0.1094863,0.9098049,0.9083984
20.63,49.7307855,49.5393828,0.1010152,0.1094750,0.9097545,0.9083125
20.64,49.7311879,49.5405497,0.1011019,0.1094630,0.9097015,0.9082261
20.65,49.7315952,49.5417143,0.1011872,0.1094503,0.9096457,0.9081391
20.66,49.7320073,49.5428767,0.1012711,0.1094368,0.9095873,0.9080516
20.67,49.7324240,49.5440367,0.1013535,0.1094226,0.9095262,0.9079636
20.68,49.7328454,49.5451944,0.1014345,0.1094076,0.9094625,0.9078751
20.69,49.7332712,49.5463497,0.1015141,0.1093919,0.9093962,0.9077860
20.70,49.7337014,49.5475025,0.1015922,0.1093755,0.9093273,0.9076964
20.71,49.7341360,49.5486528,0.1016688,0.1093583,0.9092558,0.9076063
20.72,49.7345747,49.5498006,0.1017439,0.1093405,0.9091818,0.9075158
20.73,49.7350175,49.5509459,0.1018175,0.1093218,0.9091052,0.9074247
20.74,49.7354643,49.5520885,0.1018897,0.1093025,0.9090262,0.9073331
20.75,49.7359150,49.5532284,0.1019603,0.1092825,0.9089446,0.9072410
20.76,49.7363695,49.5543657,0.1020294,0.1092617,0.9088606,0.9071485
20.77,49.7368277,49.5555002,0.1020969,0.1092402,0.9087742,0.9070554
20.78,49.7372895,49.5566320,0.1021629,0.1092180,0.9086854,0.9069619
20.79,49.7377548,49.5577609,0.1022273,0.1091951,0.9085942,0.9068680
20.80,49.7382235,49.5588869,0.1022902,0.1091715,0.9085006,0.9067735
20.81,49.7386955,49.5600101,0.1023516,0.1091471,0.9084047,0.9066786
20.82,49.7391707,49.5611303,0.1024113,0.1091221,0.9083065,0.9065833
20.83,49.7396489,49.5622475,0.1024695,0.1090963,0.9082059,0.9064875
20.84,49.7401302,49.5633617,0.1025260,0.1090699,0.9081032,0.9063912
20.85,49.7406143,49.5644728,0.1025810,0.1090428,0.9079982,0.9062945
20.86,49.7411013,49.5655808,0.1026344,0.1090149,0.9078910,0.9061974
20.87,49.7415908,49.5666857,0.1026861,0.1089864,0.9077816,0.9060998
20.88,49.7420830,49.5677874,0.1027363,0.1089572,0.9076701,0.9060019
20.89,49.7425776,49.5688859,0.1027848,0.1089273,0.9075565,0.9059034
20.90,49.7430746,49.5699811,0.1028317,0.1088967,0.9074407,0.9058046
20.91,49.7435739,49.5710730,0.1028770,0.1088655,0.9073230,0.9057054
20.92,49.7440753,49.5721616,0.1029206,0.1088335,0.9072031,0.9056058
20.93,49.7445787,49.5732468,0.1029626,0.1088009,0.9070813,0.9055057
20.94,49.7450841,49.5743286,0.1030030,0.1087676,0.9069575,0.9054053
20.95,49.7455914,49.5754069,0.1030417,0.1087337,0.9068318,0.9053045
20.96,49.7461003,49.5764818,0.1030788,0.1086990,0.9067041,0.9052033
20.97,49.7466109,49.5775531,0.1031142,0.1086638,0.9065746,0.9051017
20.98,49.7471230,49.5786208,0.1031480,0.1086278,0.9064432,0.9049997
20.99,49.7476366,49.5796850,0.1031801,0.1085912,0.9063099,0.9048974
21.00,49.7481514,49.5807455,0.1032106,0.1085539,0.9061749,0.9047947
21.01,49.7486675,49.5818024,0.1032394,0.1085160,0.9060382,0.9046916
21.02,49.7491847,49.5828555,0.1032666,0.1084774,0.9058997,0.9045882
21.03,49.7497028,49.5839049,0.1032921,0.1084382,0.9057595,0.9044844
21.04,49.7502219,49.5849505,0.1033159,0.1083984,0.9056177,0.9043803
21.05,49.7507417,49.5859923,0.1033381,0.1083579,0.9054742,0.9042758
21.06,49.7512623,49.5870302,0.1033586,0.1083167,0.9053291,0.9041711
21.07,49.7517834,49.5880643,0.1033775,0.1082750,0.9051825,0.9040659
21.08,49.7523049,49.5890944,0.1033947,0.1082326,0.9050344,0.9039605
21.09,49.7528269,49.5901206,0.1034103,0.1081895,0.9048847,0.9038547
21.10,49.7533491,49.5911428,0.1034242,0.1081459,0.9047336,0.9037486
21.11,49.7538715,49.5921610,0.1034365,0.1081016,0.9045811,0.9036422
21.12,49.7543940,49.5931751,0.1034471,0.1080567,0.9044271,0.9035355
21.13,49.7549164,49.5941851,0.1034561,0.1080112,0.9042718,0.9034285
21.14,49.7554387,49.5951910,0.1034634,0.1079650,0.9041152,0.9033212
21.15,49.7559607,49.5961928,0.1034691,0.1079183,0.9039573,0.9032137
21.16,49.7564824,49.5971903,0.1034732,0.1078709,0.9037981,0.9031058
21.17,49.7570036,49.5981836,0.1034756,0.1078230,0.9036378,0.9029976
21.18,49.7575243,49.5991727,0.1034764,0.1077744,0.9034762,0.9028892
21.19,49.7580443,49.6001575,0.1034756,0.1077253,0.9033135,0.9027805
21.20,49.7585636,49.6011380,0.1034732,0.1076755,0.9031496,0.9026716
21.21,49.7590820,49.6021141,0.1034692,0.1076252,0.9029847,0.9025623
21.22,49.7595995,49.6030858,0.1034635,0.1075743,0.9028188,0.9024529
21.23,49.7601159,49.6040531,0.1034563,0.1075228,0.9026518,0.9023431
21.24,49.7606312,49.6050160,0.1034474,0.1074707,0.9024839,0.9022332
21.25,49.7611453,49.6059744,0.1034370,0.1074180,0.9023150,0.9021230
21.26,49.7616579,49.6069283,0.1034250,0.1073648,0.9021452,0.9020125
21.27,49.7621692,49.6078777,0.1034114,0.1073110,0.9019746,0.9019018
21.28,49.7626789,49.6088225,0.1033963,0.1072566,0.9018031,0.9017909
21.29,49.7631870,49.6097627,0.1033795,0.1072017,0.9016309,0.9016798
21.30,49.7636934,49.6106983,0.1033613,0.1071462,0.9014579,0.9015685
21.31,49.7641979,49.6116292,0.1033415,0.1070901,0.9012841,0.9014569
21.32,49.7647005,49.6125555,0.1033201,0.1070335,0.9011097,0.9013452
21.33,49.7652011,49.6134770,0.1032973,0.1069763,0.9009346,0.9012333
21.34,49.7656996,49.6143938,0.1032729,0.1069186,0.9007590,0.9011211
21.35,49.7661960,49.6153058,0.1032470,0.1068604,0.9005827,0.9010088
21.36,49.7666900,49.6162131,0.1032196,0.1068016,0.9004059,0.9008963
21.37,49.7671817,49.6171155,0.1031907,0.1067423,0.9002286,0.9007836
21.38,49.7676709,49.6180131,0.1031604,0.1066824,0.9000509,0.9006707
21.39,49.7681575,49.6189058,0.1031285,0.1066221,0.8998727,0.9005577
21.40,49.7686415,49.6197936,0.1030953,0.1065612,0.8996941,0.9004445
21.41,49.7691228,49.6206764,0.1030605,0.1064997,0.8995152,0.9003311
21.42,49.7696012,49.6215543,0.1030244,0.1064378,0.8993359,0.9002176
21.43,49.7700768,49.6224272,0.1029868,0.1063753,0.8991564,0.9001040
21.44,49.7705494,49.6232952,0.1029478,0.1063124,0.8989766,0.8999902
21.45,49.7710189,49.6241580,0.1029073,0.1062489,0.8987966,0.8998762
21.46,49.7714852,49.6250159,0.1028655,0.1061849,0.8986164,0.8997622
21.47,49.7719483,49.6258686,0.1028224,0.1061204,0.8984360,0.8996480
21.48,49.7724081,49.6267162,0.1027778,0.1060555,0.8982556,0.8995336
21.49,49.7728645,49.6275587,0.1027319,0.1059900,0.8980751,0.8994192
21.50,49.7733174,49.6283961,0.1026847,0.1059240,0.8978946,0.8993046
21.51,49.7737668,49.6292282,0.1026361,0.1058576,0.8977140,0.8991900
21.52,49.7742125,49.6300552,0.1025862,0.1057907,0.8975336,0.8990752
21.53,49.7746545,49.6308769,0.1025351,0.1057233,0.8973531,0.8989603
21.54,49.7750927,49.6316934,0.1024826,0.1056554,0.8971728,0.8988453
21.55,49.7755271,49.6325046,0.1024289,0.1055871,0.8969926,0.8987303
21.56,49.7759575,49.6333105,0.1023739,0.1055183,0.8968127,0.8986152
21.57,49.7763839,49.6341111,0.1023177,0.1054490,0.8966329,0.8984999
21.58,49.7768062,49.6349064,0.1022602,0.1053793,0.8964533,0.8983847
21.59,49.7772244,49.6356963,0.1022015,0.1053091,0.8962741,0.8982693
21.60,49.7776383,49.6364808,0.1021417,0.1052385,0.8960952,0.8981539
21.61,49.7780479,49.6372599,0.1020806,0.1051674,0.8959166,0.8980384
21.62,49.7784532,49.6380335,0.1020184,0.1050959,0.8957384,0.8979228
21.63,49.7788541,49.6388018,0.1019550,0.1050240,0.8955606,0.8978073
21.64,49.7792505,49.6395645,0.1018905,0.1049516,0.8953833,0.8976916
21.65,49.7796423,49.6403218,0.1018249,0.1048788,0.8952064,0.8975760
21.66,49.7800294,49.6410736,0.1017581,0.1048055,0.8950301,0.8974603
21.67,49.7804119,49.6418198,0.1016903,0.1047319,0.8948544,0.8973445
21.68,49.7807897,49.6425605,0.1016214,0.1046578,0.8946792,0.8972288
21.69,49.7811626,49.6432956,0.1015515,0.1045833,0.8945046,0.8971130
21.70,49.7815307,49.6440252,0.1014805,0.1045084,0.8943307,0.8969972
21.71,49.7818938,49.6447491,0.1014085,0.1044331,0.8941575,0.8968814
21.72,49.7822520,49.6454674,0.1013355,0.1043574,0.8939850,0.8967656
21.73,49.7826051,49.6461801,0.1012615,0.1042812,0.8938132,0.8966497
21.74,49.7829531,49.6468871,0.1011865,0.1042047,0.8936422,0.8965339
21.75,49.7832960,49.6475885,0.1011106,0.1041278,0.8934720,0.8964181
21.76,49.7836337,49.6482841,0.1010338,0.1040505,0.8933027,0.8963023
21.77,49.7839661,49.6489741,0.1009560,0.1039729,0.8931342,0.8961866
21.78,49.7842933,49.6496583,0.1008773,0.1038948,0.8929667,0.8960708
21.79,49.7846151,49.6503368,0.1007978,0.1038164,0.8928001,0.8959551
21.80,49.7849315,49.6510095,0.1007174,0.1037376,0.8926344,0.8958394
21.81,49.7852424,49.6516764,0.1006361,0.1036584,0.8924697,0.8957238
21.82,49.7855478,49.6523376,0.1005541,0.1035789,0.8923061,0.8956081
21.83,49.7858478,49.6529930,0.1004712,0.1034990,0.8921435,0.8954926
21.84,49.7861421,49.6536425,0.1003875,0.1034188,0.8919819,0.8953771
21.85,49.7864308,49.6542862,0.1003031,0.1033382,0.8918215,0.8952616
21.86,49.7867139,49.6549241,0.1002179,0.1032572,0.8916623,0.8951462
21.87,49.7869913,49.6555560,0.1001320,0.1031760,0.8915042,0.8950309
21.88,49.7872629,49.6561822,0.1000453,0.1030943,0.8913472,0.8949156
21.89,49.7875288,49.6568024,0.0999580,0.1030124,0.8911915,0.8948004
21.90,49.7877888,49.6574167,0.0998700,0.1029301,0.8910371,0.8946853
21.91,49.7880430,49.6580251,0.0997814,0.1028475,0.8908839,0.8945703
21.92,49.7882914,49.6586276,0.0996921,0.1027646,0.8907320,0.8944554
21.93,49.7885338,49.6592241,0.0996022,0.1026813,0.8905815,0.8943405
21.94,49.7887703,49.6598147,0.0995117,0.1025978,0.8904323,0.8942258
21.95,49.7890008,49.6603993,0.0994206,0.1025139,0.8902845,0.8941112
21.96,49.7892254,49.6609779,0.0993289,0.1024297,0.8901381,0.8939966
21.97,49.7894439,49.6615505,0.0992368,0.1023452,0.8899931,0.8938822
21.98,49.7896563,49.6621172,0.0991441,0.1022604,0.8898495,0.8937679
21.99,49.7898627,49.6626778,0.0990509,0.1021754,0.8897075,0.8936537
22.00,49.7900630,49.6632324,0.0989572,0.1020900,0.8895669,0.8935396
22.01,49.7902572,49.6637810,0.0988631,0.1020044,0.8894279,0.8934257
22.02,49.7904453,49.6643235,0.0987685,0.1019184,0.8892904,0.8933119
22.03,49.7906272,49.6648599,0.0986735,0.1018322,0.8891545,0.8931982
22.04,49.7908029,49.6653904,0.0985781,0.1017458,0.8890201,0.8930847
22.05,49.7909724,49.6659147,0.0984824,0.1016590,0.8888874,0.8929713
22.06,49.7911358,49.6664329,0.0983863,0.1015720,0.8887563,0.8928581
22.07,49.7912929,49.6669451,0.0982898,0.1014847,0.8886269,0.8927450
22.08,49.7914437,49.6674512,0.0981930,0.1013972,0.8884991,0.8926321
22.09,49.7915884,49.6679511,0.0980959,0.1013094,0.8883731,0.8925194
22.10,49.7917268,49.6684450,0.0979986,0.1012214,0.8882487,0.8924068
22.11,49.7918589,49.6689327,0.0979009,0.1011331,0.8881261,0.8922944
22.12,49.7919847,49.6694143,0.0978031,0.1010446,0.8880052,0.8921822
22.13,49.7921043,49.6698897,0.0977050,0.1009559,0.8878861,0.8920701
22.14,49.7922176,49.6703590,0.0976067,0.1008669,0.8877688,0.8919583
22.15,49.7923246,49.6708222,0.0975082,0.1007777,0.8876534,0.8918466
22.16,49.7924253,49.6712792,0.0974096,0.1006883,0.8875397,0.8917351
22.17,49.7925197,49.6717300,0.0973108,0.1005987,0.8874279,0.8916238
22.18,49.7926079,49.6721747,0.0972119,0.1005088,0.8873179,0.8915127
22.19,49.7926897,49.6726132,0.0971130,0.1004187,0.8872098,0.8914019
22.20,49.7927653,49.6730455,0.0970139,0.1003285,0.8871036,0.8912912
22.21,49.7928345,49.6734716,0.0969148,0.1002380,0.8869993,0.8911808
22.22,49.7928975,49.6738916,0.0968156,0.1001473,0.8868970,0.8910705
22.23,49.7929542,49.6743053,0.0967164,0.1000565,0.8867966,0.8909605
22.24,49.7930047,49.6747129,0.0966172,0.0999654,0.8866981,0.8908508
22.25,49.7930489,49.6751142,0.0965180,0.0998742,0.8866016,0.8907412
22.26,49.7930868,49.6755094,0.0964189,0.0997828,0.8865070,0.8906319
22.27,49.7931185,49.6758983,0.0963198,0.0996912,0.8864145,0.8905228
22.28,49.7931440,49.6762810,0.0962208,0.0995994,0.8863239,0.8904140
22.29,49.7931633,49.6766575,0.0961219,0.0995075,0.8862354,0.8903054
22.30,49.7931763,49.6770278,0.0960231,0.0994153,0.8861489,0.8901971
22.31,49.7931832,49.6773919,0.0959244,0.0993231,0.8860644,0.8900890
22.32,49.7931839,49.6777497,0.0958259,0.0992307,0.8859820,0.8899812
22.33,49.7931785,49.6781013,0.0957275,0.0991381,0.8859017,0.8898737
22.34,49.7931669,49.6784467,0.0956294,0.0990454,0.8858234,0.8897664
22.35,49.7931492,49.6787859,0.0955314,0.0989525,0.8857472,0.8896594
22.36,49.7931255,49.6791188,0.0954337,0.0988595,0.8856730,0.8895527
22.37,49.7930956,49.6794455,0.0953362,0.0987664,0.8856010,0.8894462
22.38,49.7930598,49.6797660,0.0952390,0.0986731,0.8855311,0.8893400
22.39,49.7930179,49.6800802,0.0951420,0.0985797,0.8854633,0.8892341
22.40,49.7929700,49.6803883,0.0950454,0.0984862,0.8853976,0.8891285
22.41,49.7929161,49.6806900,0.0949491,0.0983926,0.8853340,0.8890232
22.42,49.7928563,49.6809856,0.0948531,0.0982988,0.8852725,0.8889182
22.43,49.7927906,49.6812749,0.0947575,0.0982050,0.8852132,0.8888135
22.44,49.7927191,49.6815580,0.0946622,0.0981110,0.8851561,0.8887091
22.45,49.7926416,49.6818349,0.0945674,0.0980169,0.8851010,0.8886050
22.46,49.7925584,49.6821056,0.0944729,0.0979228,0.8850482,0.8885013
22.47,49.7924694,49.6823700,0.0943789,0.0978285,0.8849975,0.8883978
22.48,49.7923746,49.6826282,0.0942853,0.0977341,0.8849489,0.8882947
22.49,49.7922741,49.6828802,0.0941922,0.0976397,0.8849025,0.8881918
22.50,49.7921679,49.6831260,0.0940995,0.0975452,0.8848583,0.8880893
22.51,49.7920561,49.6833655,0.0940073,0.0974506,0.8848163,0.8879872
22.52,49.7919387,49.6835989,0.0939157,0.0973559,0.8847764,0.8878853
22.53,49.7918158,49.6838260,0.0938246,0.0972612,0.8847387,0.8877839
22.54,49.7916873,49.6840470,0.0937340,0.0971664,0.8847031,0.8876827
22.55,49.7915533,49.6842617,0.0936439,0.0970715,0.8846698,0.8875819
22.56,49.7914139,49.6844702,0.0935545,0.0969766,0.8846386,0.8874814
22.57,49.7912691,49.6846726,0.0934656,0.0968816,0.8846096,0.8873813
22.58,49.7911189,49.6848688,0.0933774,0.0967866,0.8845827,0.8872816
22.59,49.7909635,49.6850588,0.0932897,0.0966915,0.8845580,0.8871822
22.60,49.7908028,49.6852426,0.0932027,0.0965964,0.8845355,0.8870832
22.61,49.7906368,49.6854202,0.0931164,0.0965012,0.8845152,0.8869845
22.62,49.7904657,49.6855917,0.0930307,0.0964061,0.8844970,0.8868862
22.63,49.7902895,49.6857570,0.0929457,0.0963109,0.8844810,0.8867883
22.64,49.7901082,49.6859161,0.0928614,0.0962156,0.8844672,0.8866907
22.65,49.7899220,49.6860691,0.0927779,0.0961204,0.8844555,0.8865935
22.66,49.7897307,49.6862160,0.0926950,0.0960251,0.8844460,0.8864968
22.67,49.7895345,49.6863567,0.0926129,0.0959298,0.8844386,0.8864003
22.68,49.7893335,49.6864913,0.0925315,0.0958345,0.8844334,0.8863043
22.69,49.7891276,49.6866198,0.0924509,0.0957392,0.8844303,0.8862087
22.70,49.7889170,49.6867422,0.0923711,0.0956439,0.8844293,0.8861135
22.71,49.7887018,49.6868585,0.0922921,0.0955486,0.8844305,0.8860186
22.72,49.7884818,49.6869686,0.0922139,0.0954533,0.8844337,0.8859242
22.73,49.7882573,49.6870727,0.0921365,0.0953580,0.8844391,0.8858302
22.74,49.7880283,49.6871707,0.0920599,0.0952627,0.8844466,0.8857365
22.75,49.7877947,49.6872626,0.0919842,0.0951675,0.8844562,0.8856433
22.76,49.7875568,49.6873485,0.0919094,0.0950722,0.8844679,0.8855505
22.77,49.7873145,49.6874283,0.0918354,0.0949770,0.8844817,0.8854581
22.78,49.7870680,49.6875020,0.0917623,0.0948819,0.8844975,0.8853661
22.79,49.7868172,49.6875698,0.0916901,0.0947867,0.8845155,0.8852746
22.80,49.7865622,49.6876315,0.0916188,0.0946916,0.8845354,0.8851835
22.81,49.7863032,49.6876871,0.0915484,0.0945966,0.8845574,0.8850928
22.82,49.7860400,49.6877368,0.0914790,0.0945016,0.8845815,0.8850025
22.83,49.7857729,49.6877805,0.0914105,0.0944066,0.8846076,0.8849127
22.84,49.7855019,49.6878182,0.0913429,0.0943117,0.8846356,0.8848233
22.85,49.7852271,49.6878499,0.0912764,0.0942168,0.8846657,0.8847343
22.86,49.7849484,49.6878757,0.0912107,0.0941220,0.8846978,0.8846458
22.87,49.7846661,49.6878955,0.0911461,0.0940273,0.8847319,0.8845577
22.88,49.7843801,49.6879094,0.0910825,0.0939326,0.8847679,0.8844701
22.89,49.7840905,49.6879173,0.0910198,0.0938380,0.8848059,0.8843829
22.90,49.7837973,49.6879193,0.0909582,0.0937435,0.8848458,0.8842961
22.91,49.7835008,49.6879154,0.0908976,0.0936491,0.8848876,0.8842099
22.92,49.7832008,49.6879057,0.0908380,0.0935548,0.8849314,0.8841241
22.93,49.7828975,49.6878900,0.0907794,0.0934605,0.8849770,0.8840387
22.94,49.7825910,49.6878685,0.0907219,0.0933663,0.8850246,0.8839538
22.95,49.7822813,49.6878411,0.0906655,0.0932722,0.8850740,0.8838694
22.96,49.7819685,49.6878079,0.0906101,0.0931783,0.8851252,0.8837854
22.97,49.7816527,49.6877689,0.0905558,0.0930844,0.8851783,0.8837019
22.98,49.7813339,49.6877241,0.0905026,0.0929906,0.8852333,0.8836189
22.99,49.7810122,49.6876734,0.0904504,0.0928970,0.8852900,0.8835363
23.00,49.7806877,49.6876170,0.0903994,0.0928034,0.8853485,0.8834543
23.01,49.7803604,49.6875548,0.0903494,0.0927100,0.8854088,0.8833727
23.02,49.7800305,49.6874869,0.0903006,0.0926167,0.8854709,0.8832916
23.03,49.7796979,49.6874132,0.0902528,0.0925235,0.8855347,0.8832110
23.04,49.7793629,49.6873338,0.0902062,0.0924304,0.8856002,0.8831308
23.05,49.7790253,49.6872487,0.0901607,0.0923375,0.8856674,0.8830512
23.06,49.7786854,49.6871579,0.0901163,0.0922447,0.8857363,0.8829720
23.07,49.7783432,49.6870614,0.0900731,0.0921520,0.8858069,0.8828934
23.08,49.7779987,49.6869592,0.0900310,0.0920595,0.8858791,0.8828152
23.09,49.7776521,49.6868514,0.0899901,0.0919671,0.8859529,0.8827375
23.10,49.7773034,49.6867380,0.0899503,0.0918749,0.8860284,0.8826604
23.11,49.7769526,49.6866189,0.0899116,0.0917829,0.8861054,0.8825837
23.12,49.7766000,49.6864943,0.0898741,0.0916909,0.8861840,0.8825075
23.13,49.7762454,49.6863641,0.0898378,0.0915992,0.8862642,0.8824319
23.14,49.7758891,49.6862283,0.0898027,0.0915076,0.8863459,0.8823568
23.15,49.7755311,49.6860870,0.0897687,0.0914162,0.8864291,0.8822821
23.16,49.7751714,49.6859401,0.0897359,0.0913249,0.8865138,0.8822080
23.17,49.7748101,49.6857877,0.0897042,0.0912338,0.8866000,0.8821344
23.18,49.7744474,49.6856299,0.0896738,0.0911429,0.8866876,0.8820613
23.19,49.7740833,49.6854665,0.0896445,0.0910522,0.8867767,0.8819887
23.20,49.7737178,49.6852977,0.0896164,0.0909617,0.8868671,0.8819167
23.21,49.7733511,49.6851235,0.0895895,0.0908713,0.8869590,0.8818452
23.22,49.7729831,49.6849438,0.0895638,0.0907811,0.8870521,0.8817742
23.23,49.7726141,49.6847588,0.0895393,0.0906912,0.8871467,0.8817037
23.24,49.7722440,49.6845683,0.0895160,0.0906014,0.8872425,0.8816337
23.25,49.7718730,49.6843725,0.0894938,0.0905118,0.8873397,0.8815643
23.26,49.7715011,49.6841714,0.0894729,0.0904224,0.8874381,0.8814954
23.27,49.7711284,49.6839649,0.0894531,0.0903333,0.8875377,0.8814271
23.28,49.7707550,49.6837531,0.0894346,0.0902443,0.8876386,0.8813593
23.29,49.7703809,49.6835361,0.0894172,0.0901556,0.8877407,0.8812920
23.30,49.7700062,49.6833138,0.0894011,0.0900670,0.8878439,0.8812252
23.31,49.7696310,49.6830862,0.0893861,0.0899787,0.8879484,0.8811590
23.32,49.7692554,49.6828534,0.0893723,0.0898907,0.8880539,0.8810934
23.33,49.7688794,49.6826154,0.0893597,0.0898028,0.8881605,0.8810283
23.34,49.7685032,49.6823722,0.0893483,0.0897152,0.8882683,0.8809637
23.35,49.7681267,49.6821239,0.0893381,0.0896278,0.8883771,0.8808997
23.36,49.7677502,49.6818704,0.0893291,0.0895406,0.8884869,0.8808362
23.37,49.7673735,49.6816118,0.0893213,0.0894537,0.8885977,0.8807733
23.38,49.7669969,49.6813481,0.0893146,0.0893670,0.8887095,0.8807109
23.39,49.7666204,49.6810793,0.0893092,0.0892806,0.8888223,0.8806491
23.40,49.7662440,49.6808054,0.0893049,0.0891944,0.8889360,0.8805878
23.41,49.7658679,49.6805266,0.0893018,0.0891084,0.8890506,0.8805271
23.42,49.7654921,49.6802427,0.0892999,0.0890227,0.8891661,0.8804669
23.43,49.7651167,49.6799538,0.0892991,0.0889373,0.8892824,0.8804073
23.44,49.7647417,49.6796600,0.0892995,0.0888521,0.8893996,0.8803483
23.45,49.7643673,49.6793612,0.0893011,0.0887672,0.8895176,0.8802898
23.46,49.7639935,49.6790575,0.0893039,0.0886826,0.8896364,0.8802319
23.47,49.7636203,49.6787489,0.0893078,0.0885982,0.8897559,0.8801745
23.48,49.7632479,49.6784354,0.0893128,0.0885141,0.8898762,0.8801177
23.49,49.7628763,49.6781171,0.0893190,0.0884303,0.8899971,0.8800615
23.50,49.7625056,49.6777939,0.0893264,0.0883467,0.8901188,0.8800058
23.51,49.7621359,49.6774659,0.0893349,0.0882635,0.8902411,0.8799507
23.52,49.7617672,49.6771332,0.0893445,0.0881805,0.8903640,0.8798962
23.53,49.7613995,49.6767957,0.0893553,0.0880978,0.8904875,0.8798423
23.54,49.7610331,49.6764534,0.0893671,0.0880154,0.8906116,0.8797889
23.55,49.7606679,49.6761065,0.0893801,0.0879333,0.8907363,0.8797361
23.56,49.7603040,49.6757548,0.0893943,0.0878514,0.8908615,0.8796838
23.57,49.7599414,49.6753985,0.0894095,0.0877699,0.8909871,0.8796322
23.58,49.7595803,49.6750376,0.0894258,0.0876887,0.8911133,0.8795811
23.59,49.7592207,49.6746720,0.0894432,0.0876078,0.8912398,0.8795305
23.60,49.7588627,49.6743019,0.0894617,0.0875271,0.8913668,0.8794806
23.61,49.7585063,49.6739272,0.0894813,0.0874468,0.8914942,0.8794312
23.62,49.7581516,49.6735479,0.0895020,0.0873668,0.8916220,0.8793825
23.63,49.7577987,49.6731642,0.0895237,0.0872871,0.8917501,0.8793343
23.64,49.7574476,49.6727759,0.0895465,0.0872078,0.8918785,0.8792866
23.65,49.7570984,49.6723832,0.0895704,0.0871287,0.8920072,0.8792396
23.66,49.7567512,49.6719860,0.0895953,0.0870500,0.8921362,0.8791931
23.67,49.7564060,49.6715845,0.0896212,0.0869716,0.8922654,0.8791472
23.68,49.7560628,49.6711785,0.0896481,0.0868935,0.8923948,0.8791019
23.69,49.7557218,49.6707682,0.0896761,0.0868158,0.8925244,0.8790572
23.70,49.7553831,49.6703536,0.0897051,0.0867383,0.8926541,0.8790131
23.71,49.7550465,49.6699347,0.0897351,0.0866613,0.8927840,0.8789695
23.72,49.7547123,49.6695114,0.0897661,0.0865845,0.8929140,0.8789266
23.73,49.7543805,49.6690839,0.0897980,0.0865081,0.8930440,0.8788842
23.74,49.7540512,49.6686522,0.0898310,0.0864320,0.8931742,0.8788424
23.75,49.7537243,49.6682163,0.0898649,0.0863563,0.8933043,0.8788012
23.76,49.7534000,49.6677762,0.0898998,0.0862809,0.8934344,0.8787606
23.77,49.7530783,49.6673320,0.0899356,0.0862059,0.8935646,0.8787206
23.78,49.7527593,49.6668837,0.0899724,0.0861312,0.8936946,0.8786811
23.79,49.7524430,49.6664312,0.0900100,0.0860569,0.8938246,0.8786423
23.80,49.7521294,49.6659747,0.0900486,0.0859829,0.8939545,0.8786040
23.81,49.7518187,49.6655142,0.0900882,0.0859093,0.8940843,0.8785663
23.82,49.7515109,49.6650496,0.0901286,0.0858361,0.8942139,0.8785293
23.83,49.7512060,49.6645810,0.0901699,0.0857632,0.8943434,0.8784928
23.84,49.7509042,49.6641085,0.0902120,0.0856907,0.8944726,0.8784569
23.85,49.7506053,49.6636321,0.0902551,0.0856185,0.8946017,0.8784216
23.86,49.7503095,49.6631518,0.0902990,0.0855467,0.8947304,0.8783868
23.87,49.7500169,49.6626676,0.0903437,0.0854753,0.8948589,0.8783527
23.88,49.7497275,49.6621795,0.0903893,0.0854043,0.8949872,0.8783192
23.89,49.7494413,49.6616877,0.0904356,0.0853336,0.8951150,0.8782862
23.90,49.7491583,49.6611920,0.0904828,0.0852633,0.8952426,0.8782539
23.91,49.7488787,49.6606926,0.0905308,0.0851934,0.8953697,0.8782221
23.92,49.7486025,49.6601895,0.0905796,0.0851239,0.8954965,0.8781909
23.93,49.7483297,49.6596826,0.0906292,0.0850548,0.8956228,0.8781603
23.94,49.7480604,49.6591721,0.0906795,0.0849860,0.8957488,0.8781303
23.95,49.7477945,49.6586580,0.0907306,0.0849176,0.8958742,0.8781009
23.96,49.7475322,49.6581402,0.0907824,0.0848497,0.8959991,0.8780721
23.97,49.7472735,49.6576188,0.0908349,0.0847821,0.8961236,0.8780439
23.98,49.7470184,49.6570939,0.0908881,0.0847149,0.8962475,0.8780163
23.99,49.7467670,49.6565655,0.0909421,0.0846481,0.8963708,0.8779893
24.00,49.7465192,49.6560335,0.0909967,0.0845817,0.8964936,0.8779628
24.01,49.7462753,49.6554981,0.0910520,0.0845158,0.8966158,0.8779370
24.02,49.7460351,49.6549593,0.0911080,0.0844502,0.8967373,0.8779117
24.03,49.7457987,49.6544170,0.0911646,0.0843850,0.8968582,0.8778870
24.04,49.7455662,49.6538714,0.0912218,0.0843202,0.8969784,0.8778630
24.05,49.7453375,49.6533224,0.0912797,0.0842558,0.8970979,0.8778395
24.06,49.7451128,49.6527701,0.0913382,0.0841919,0.8972168,0.8778166
24.07,49.7448920,49.6522144,0.0913973,0.0841283,0.8973348,0.8777943
24.08,49.7446752,49.6516556,0.0914569,0.0840652,0.8974522,0.8777726
24.09,49.7444625,49.6510935,0.0915172,0.0840025,0.8975687,0.8777514
24.10,49.7442537,49.6505282,0.0915780,0.0839402,0.8976845,0.8777309
24.11,49.7440491,49.6499597,0.0916393,0.0838783,0.8977994,0.8777109
24.12,49.7438485,49.6493881,0.0917012,0.0838168,0.8979135,0.8776916
24.13,49.7436521,49.6488133,0.0917635,0.0837558,0.8980268,0.8776728
24.14,49.7434598,49.6482355,0.0918264,0.0836952,0.8981391,0.8776546
24.15,49.7432718,49.6476546,0.0918898,0.0836350,0.8982506,0.8776370
24.16,49.7430879,49.6470707,0.0919536,0.0835752,0.8983612,0.8776200
24.17,49.7429083,49.6464839,0.0920179,0.0835159,0.8984708,0.8776036
24.18,49.7427329,49.6458940,0.0920827,0.0834570,0.8985794,0.8775877
24.19,49.7425618,49.6453013,0.0921479,0.0833985,0.8986871,0.8775725
24.20,49.7423950,49.6447056,0.0922135,0.0833404,0.8987938,0.8775578
24.21,49.7422325,49.6441071,0.0922795,0.0832828,0.8988995,0.8775437
24.22,49.7420743,49.6435057,0.0923459,0.0832257,0.8990042,0.8775302
24.23,49.7419205,49.6429015,0.0924126,0.0831689,0.8991078,0.8775173
24.24,49.7417711,49.6422946,0.0924798,0.0831126,0.8992104,0.8775049
24.25,49.7416261,49.6416849,0.0925472,0.0830568,0.8993119,0.8774932
24.26,49.7414855,49.6410725,0.0926151,0.0830014,0.8994123,0.8774820
24.27,49.7413492,49.6404574,0.0926832,0.0829464,0.8995116,0.8774714
24.28,49.7412175,49.6398396,0.0927516,0.0828919,0.8996097,0.8774613
24.29,49.7410902,49.6392193,0.0928203,0.0828378,0.8997067,0.8774519
24.30,49.7409673,49.6385963,0.0928893,0.0827841,0.8998026,0.8774430
24.31,49.7408489,49.6379708,0.0929586,0.0827310,0.8998972,0.8774347
24.32,49.7407350,49.6373428,0.0930281,0.0826782,0.8999907,0.8774270
24.33,49.7406256,49.6367122,0.0930978,0.0826259,0.9000830,0.8774199
24.34,49.7405207,49.6360792,0.0931678,0.0825741,0.9001741,0.8774133
24.35,49.7404203,49.6354438,0.0932380,0.0825227,0.9002639,0.8774073
24.36,49.7403244,49.6348060,0.0933083,0.0824718,0.9003525,0.8774018
24.37,49.7402330,49.6341658,0.0933788,0.0824213,0.9004398,0.8773970
24.38,49.7401462,49.6335232,0.0934495,0.0823713,0.9005258,0.8773927
24.39,49.7400638,49.6328784,0.0935204,0.0823217,0.9006105,0.8773890
24.40,49.7399860,49.6322313,0.0935913,0.0822726,0.9006940,0.8773858
24.41,49.7399128,49.6315819,0.0936624,0.0822240,0.9007761,0.8773832
24.42,49.7398441,49.6309303,0.0937336,0.0821758,0.9008569,0.8773812
24.43,49.7397799,49.6302766,0.0938049,0.0821281,0.9009364,0.8773798
24.44,49.7397202,49.6296207,0.0938762,0.0820809,0.9010145,0.8773789
24.45,49.7396651,49.6289626,0.0939476,0.0820341,0.9010913,0.8773785
24.46,49.7396145,49.6283025,0.0940191,0.0819878,0.9011666,0.8773788
24.47,49.7395684,49.6276404,0.0940906,0.0819419,0.9012406,0.8773796
24.48,49.7395269,49.6269762,0.0941621,0.0818965,0.9013132,0.8773809
24.49,49.7394899,49.6263100,0.0942336,0.0818516,0.9013844,0.8773828
24.50,49.7394574,49.6256419,0.0943051,0.0818071,0.9014542,0.8773853
24.51,49.7394294,49.6249718,0.0943766,0.0817632,0.9015226,0.8773883
24.52,49.7394059,49.6242998,0.0944480,0.0817196,0.9015895,0.8773919
24.53,49.7393869,49.6236260,0.0945194,0.0816766,0.9016550,0.8773960
24.54,49.7393723,49.6229504,0.0945907,0.0816340,0.9017190,0.8774007
24.55,49.7393623,49.6222729,0.0946620,0.0815919,0.9017816,0.8774059
24.56,49.7393567,49.6215937,0.0947331,0.0815503,0.9018427,0.8774117
24.57,49.7393555,49.6209127,0.0948042,0.0815092,0.9019023,0.8774180
24.58,49.7393588,49.6202301,0.0948751,0.0814685,0.9019604,0.8774248
24.59,49.7393665,49.6195457,0.0949459,0.0814283,0.9020171,0.8774323
24.60,49.7393786,49.6188597,0.0950165,0.0813886,0.9020723,0.8774402
24.61,49.7393951,49.6181721,0.0950870,0.0813493,0.9021259,0.8774487
24.62,49.7394160,49.6174830,0.0951573,0.0813106,0.9021781,0.8774577
24.63,49.7394412,49.6167923,0.0952274,0.0812723,0.9022287,0.8774673
24.64,49.7394708,49.6161000,0.0952973,0.0812345,0.9022778,0.8774774
24.65,49.7395047,49.6154063,0.0953670,0.0811971,0.9023254,0.8774880
24.66,49.7395429,49.6147112,0.0954365,0.0811603,0.9023714,0.8774992
24.67,49.7395854,49.6140146,0.0955057,0.0811239,0.9024160,0.8775109
24.68,49.7396321,49.6133166,0.0955747,0.0810880,0.9024589,0.8775232
24.69,49.7396831,49.6126173,0.0956434,0.0810526,0.9025004,0.8775359
24.70,49.7397383,49.6119167,0.0957118,0.0810177,0.9025402,0.8775492
24.71,49.7397978,49.6112147,0.0957799,0.0809832,0.9025786,0.8775630
24.72,49.7398613,49.6105116,0.0958478,0.0809493,0.9026154,0.8775774
24.73,49.7399291,49.6098071,0.0959153,0.0809158,0.9026506,0.8775922
24.74,49.7400009,49.6091015,0.0959825,0.0808828,0.9026843,0.8776076
24.75,49.7400769,49.6083947,0.0960493,0.0808503,0.9027164,0.8776235
24.76,49.7401569,49.6076868,0.0961158,0.0808183,0.9027469,0.8776400
24.77,49.7402409,49.6069778,0.0961819,0.0807867,0.9027759,0.8776569
24.78,49.7403290,49.6062677,0.0962477,0.0807557,0.9028033,0.8776743
24.79,49.7404211,49.6055566,0.0963130,0.0807251,0.9028291,0.8776923
24.80,49.7405171,49.6048445,0.0963780,0.0806950,0.9028534,0.8777108
24.81,49.7406170,49.6041314,0.0964425,0.0806654,0.9028761,0.8777298
24.82,49.7407208,49.6034174,0.0965067,0.0806363,0.9028973,0.8777492
24.83,49.7408285,49.6027024,0.0965703,0.0806077,0.9029168,0.8777692
24.84,49.7409400,49.6019866,0.0966336,0.0805795,0.9029348,0.8777897
24.85,49.7410554,49.6012699,0.0966964,0.0805519,0.9029513,0.8778107
24.86,49.7411744,49.6005524,0.0967587,0.0805247,0.9029662,0.8778322
24.87,49.7412972,49.5998341,0.0968205,0.0804980,0.9029795,0.8778542
24.88,49.7414237,49.5991151,0.0968819,0.0804718,0.9029913,0.8778767
24.89,49.7415539,49.5983953,0.0969427,0.0804461,0.9030015,0.8778996
24.90,49.7416877,49.5976749,0.0970030,0.0804209,0.9030101,0.8779231
24.91,49.7418251,49.5969537,0.0970628,0.0803962,0.9030172,0.8779471
24.92,49.7419660,49.5962320,0.0971221,0.0803719,0.9030227,0.8779715
24.93,49.7421104,49.5955097,0.0971808,0.0803482,0.9030267,0.8779964
24.94,49.7422583,49.5947868,0.0972390,0.0803249,0.9030292,0.8780218
24.95,49.7424096,49.5940633,0.0972966,0.0803021,0.9030301,0.8780477
24.96,49.7425643,49.5933394,0.0973537,0.0802798,0.9030295,0.8780741
24.97,49.7427224,49.5926150,0.0974102,0.0802580,0.9030274,0.8781009
24.98,49.7428838,49.5918901,0.0974660,0.0802367,0.9030237,0.8781283
24.99,49.7430484,49.5911648,0.0975213,0.0802158,0.9030185,0.8781561
25.00,49.7432163,49.5904392,0.0975760,0.0801955,0.9030118,0.8781843
25.01,49.7433874,49.5897132,0.0976300,0.0801756,0.9030036,0.8782130
25.02,49.7435616,49.5889868,0.0976834,0.0801562,0.9029939,0.8782422
25.03,49.7437389,49.5882602,0.0977362,0.0801373,0.9029827,0.8782719
25.04,49.7439192,49.5875334,0.0977884,0.0801189,0.9029700,0.8783020
25.05,49.7441026,49.5868063,0.0978399,0.0801010,0.9029558,0.8783326
25.06,49.7442890,49.5860790,0.0978907,0.0800835,0.9029401,0.8783636
25.07,49.7444782,49.5853515,0.0979408,0.0800666,0.9029230,0.8783951
25.08,49.7446703,49.5846239,0.0979903,0.0800501,0.9029044,0.8784271
25.09,49.7448653,49.5838962,0.0980391,0.0800341,0.9028844,0.8784595
25.10,49.7450631,49.5831685,0.0980872,0.0800186,0.9028629,0.8784923
25.11,49.7452635,49.5824407,0.0981346,0.0800036,0.9028400,0.8785256
25.12,49.7454667,49.5817128,0.0981813,0.0799891,0.9028156,0.8785593
25.13,49.7456725,49.5809850,0.0982273,0.0799750,0.9027899,0.8785935
25.14,49.7458809,49.5802573,0.0982726,0.0799614,0.9027627,0.8786281
25.15,49.7460919,49.5795296,0.0983171,0.0799483,0.9027341,0.8786631
25.16,49.7463053,49.5788020,0.0983609,0.0799357,0.9027041,0.8786986
25.17,49.7465212,49.5780745,0.0984040,0.0799236,0.9026728,0.8787345
25.18,49.7467395,49.5773473,0.0984463,0.0799119,0.9026401,0.8787709
25.19,49.7469601,49.5766202,0.0984879,0.0799008,0.9026060,0.8788077
25.20,49.7471831,49.5758933,0.0985287,0.0798901,0.9025706,0.8788448
25.21,49.7474082,49.5751667,0.0985687,0.0798799,0.9025338,0.8788825
25.22,49.7476356,49.5744404,0.0986080,0.0798701,0.9024957,0.8789205
25.23,49.7478651,49.5737144,0.0986464,0.0798609,0.9024563,0.8789589
25.24,49.7480967,49.5729887,0.0986841,0.0798521,0.9024156,0.8789978
25.25,49.7483304,49.5722634,0.0987211,0.0798438,0.9023736,0.8790371
25.26,49.7485660,49.5715385,0.0987572,0.0798360,0.9023303,0.8790768
25.27,49.7488036,49.5708141,0.0987925,0.0798286,0.9022858,0.8791169
25.28,49.7490431,49.5700901,0.0988271,0.0798217,0.9022400,0.8791574
25.29,49.7492844,49.5693666,0.0988608,0.0798153,0.9021929,0.8791983
25.30,49.7495274,49.5686436,0.0988937,0.0798094,0.9021446,0.8792396
25.31,49.7497722,49.5679212,0.0989258,0.0798039,0.9020952,0.8792813
25.32,49.7500187,49.5671993,0.0989571,0.0797989,0.9020444,0.8793234
25.33,49.7502668,49.5664780,0.0989876,0.0797944,0.9019926,0.8793659
25.34,49.7505165,49.5657574,0.0990172,0.0797904,0.9019395,0.8794087
25.35,49.7507677,49.5650374,0.0990460,0.0797868,0.9018853,0.8794520
25.36,49.7510203,49.5643182,0.0990740,0.0797837,0.9018299,0.8794956
25.37,49.7512743,49.5635996,0.0991011,0.0797810,0.9017734,0.8795397
25.38,49.7515297,49.5628818,0.0991274,0.0797788,0.9017157,0.8795841
25.39,49.7517864,49.5621648,0.0991529,0.0797771,0.9016570,0.8796289
25.40,49.7520444,49.5614485,0.0991775,0.0797759,0.9015972,0.8796740
25.41,49.7523035,49.5607331,0.0992013,0.0797751,0.9015362,0.8797195
25.42,49.7525637,49.5600186,0.0992242,0.0797748,0.9014743,0.8797654
25.43,49.7528251,49.5593050,0.0992463,0.0797749,0.9014113,0.8798117
25.44,49.7530874,49.5585922,0.0992675,0.0797755,0.9013472,0.8798583
25.45,49.7533508,49.5578804,0.0992879,0.0797765,0.9012822,0.8799053
25.46,49.7536150,49.5571696,0.0993074,0.0797781,0.9012161,0.8799527
25.47,49.7538801,49.5564598,0.0993260,0.0797800,0.9011491,0.8800004
25.48,49.7541461,49.5557510,0.0993438,0.0797825,0.9010811,0.8800484
25.49,49.7544127,49.5550432,0.0993608,0.0797854,0.9010121,0.8800968
25.50,49.7546801,49.5543365,0.0993769,0.0797887,0.9009422,0.8801455
25.51,49.7549481,49.5536310,0.0993921,0.0797925,0.9008714,0.8801946
25.52,49.7552167,49.5529265,0.0994065,0.0797967,0.9007997,0.8802441
25.53,49.7554859,49.5522232,0.0994200,0.0798014,0.9007271,0.8802938
25.54,49.7557555,49.5515212,0.0994326,0.0798066,0.9006536,0.8803439
25.55,49.7560255,49.5508203,0.0994444,0.0798122,0.9005793,0.8803944
25.56,49.7562960,49.5501206,0.0994553,0.0798182,0.9005041,0.8804452
25.57,49.7565667,49.5494223,0.0994654,0.0798247,0.9004282,0.8804962
25.58,49.7568377,49.5487252,0.0994746,0.0798317,0.9003514,0.8805477
25.59,49.7571089,49.5480294,0.0994829,0.0798390,0.9002738,0.8805994
25.60,49.7573803,49.5473350,0.0994904,0.0798469,0.9001955,0.8806515
25.61,49.7576517,49.5466419,0.0994970,0.0798551,0.9001165,0.8807039
25.62,49.7579232,49.5459503,0.0995028,0.0798638,0.9000367,0.8807565
25.63,49.7581947,49.5452601,0.0995077,0.0798730,0.8999562,0.8808095
25.64,49.7584662,49.5445713,0.0995117,0.0798826,0.8998750,0.8808629
25.65,49.7587375,49.5438840,0.0995149,0.0798926,0.8997931,0.8809165
25.66,49.7590087,49.5431981,0.0995173,0.0799031,0.8997106,0.8809704
25.67,49.7592797,49.5425139,0.0995188,0.0799139,0.8996274,0.8810246
25.68,49.7595503,49.5418311,0.0995195,0.0799253,0.8995436,0.8810791
25.69,49.7598207,49.5411499,0.0995193,0.0799370,0.8994592,0.8811339
25.70,49.7600907,49.5404704,0.0995183,0.0799492,0.8993743,0.8811890
25.71,49.7603602,49.5397924,0.0995164,0.0799618,0.8992887,0.8812444
25.72,49.7606293,49.5391161,0.0995137,0.0799749,0.8992026,0.8813001
25.73,49.7608979,49.5384415,0.0995102,0.0799883,0.8991160,0.8813560
25.74,49.7611658,49.5377686,0.0995058,0.0800022,0.8990289,0.8814123
25.75,49.7614332,49.5370974,0.0995006,0.0800165,0.8989412,0.8814688
25.76,49.7616998,49.5364279,0.0994946,0.0800313,0.8988532,0.8815255
25.77,49.7619657,49.5357602,0.0994878,0.0800464,0.8987646,0.8815826
25.78,49.7622308,49.5350943,0.0994802,0.0800620,0.8986756,0.8816399
25.79,49.7624951,49.5344302,0.0994717,0.0800780,0.8985862,0.8816975
25.80,49.7627586,49.5337680,0.0994625,0.0800944,0.8984964,0.8817553
25.81,49.7630210,49.5331076,0.0994524,0.0801112,0.8984062,0.8818134
25.82,49.7632825,49.5324491,0.0994416,0.0801284,0.8983157,0.8818718
25.83,49.7635430,49.5317925,0.0994299,0.0801460,0.8982248,0.8819304
25.84,49.7638024,49.5311379,0.0994175,0.0801641,0.8981336,0.8819892
25.85,49.7640607,49.5304852,0.0994042,0.0801825,0.8980421,0.8820483
25.86,49.7643178,49.5298345,0.0993902,0.0802014,0.8979503,0.8821077
25.87,49.7645736,49.5291858,0.0993754,0.0802207,0.8978582,0.8821673
25.88,49.7648282,49.5285391,0.0993599,0.0802403,0.8977659,0.8822271
25.89,49.7650815,49.5278945,0.0993435,0.0802604,0.8976734,0.8822872
25.90,49.7653335,49.5272520,0.0993265,0.0802809,0.8975806,0.8823475
25.91,49.7655840,49.5266115,0.0993086,0.0803017,0.8974877,0.8824080
25.92,49.7658331,49.5259732,0.0992900,0.0803230,0.8973946,0.8824687
25.93,49.7660807,49.5253370,0.0992707,0.0803447,0.8973013,0.8825297
25.94,49.7663267,49.5247029,0.0992507,0.0803667,0.8972079,0.8825909
25.95,49.7665712,49.5240710,0.0992299,0.0803891,0.8971144,0.8826523
25.96,49.7668140,49.5234414,0.0992084,0.0804120,0.8970207,0.8827139
25.97,49.7670552,49.5228139,0.0991861,0.0804352,0.8969270,0.8827757
25.98,49.7672946,49.5221888,0.0991632,0.0804588,0.8968333,0.8828378
25.99,49.7675323,49.5215658,0.0991395,0.0804828,0.8967395,0.8829000
26.00,49.7677682,49.5209452,0.0991152,0.0805071,0.8966457,0.8829625
26.01,49.7680023,49.5203269,0.0990901,0.0805319,0.8965519,0.8830251
26.02,49.7682344,49.5197109,0.0990644,0.0805570,0.8964580,0.8830880
26.03,49.7684647,49.5190972,0.0990380,0.0805825,0.8963643,0.8831510
26.04,49.7686930,49.5184859,0.0990109,0.0806084,0.8962705,0.8832142
26.05,49.7689193,49.5178770,0.0989832,0.0806346,0.8961769,0.8832776
26.06,49.7691436,49.5172706,0.0989548,0.0806612,0.8960833,0.8833412
26.07,49.7693658,49.5166665,0.0989258,0.0806882,0.8959899,0.8834050
26.08,49.7695859,49.5160649,0.0988961,0.0807155,0.8958965,0.8834689
26.09,49.7698039,49.5154658,0.0988658,0.0807433,0.8958033,0.8835331
26.10,49.7700196,49.5148692,0.0988349,0.0807713,0.8957103,0.8835974
26.11,49.7702331,49.5142751,0.0988033,0.0807998,0.8956174,0.8836618
26.12,49.7704444,49.5136835,0.0987711,0.0808286,0.8955248,0.8837265
26.13,49.7706534,49.5130944,0.0987384,0.0808577,0.8954323,0.8837913
26.14,49.7708601,49.5125080,0.0987050,0.0808873,0.8953401,0.8838562
26.15,49.7710644,49.5119241,0.0986711,0.0809171,0.8952481,0.8839213
26.16,49.7712663,49.5113428,0.0986366,0.0809473,0.8951564,0.8839866
26.17,49.7714658,49.5107641,0.0986015,0.0809779,0.8950650,0.8840520
26.18,49.7716628,49.5101881,0.0985658,0.0810088,0.8949738,0.8841176
26.19,49.7718573,49.5096148,0.0985296,0.0810401,0.8948830,0.8841833
26.20,49.7720494,49.5090441,0.0984929,0.0810717,0.8947925,0.8842491
26.21,49.7722388,49.5084761,0.0984556,0.0811036,0.8947024,0.8843151
26.22,49.7724257,49.5079109,0.0984178,0.0811359,0.8946126,0.8843813
26.23,49.7726100,49.5073484,0.0983795,0.0811685,0.8945233,0.8844475
26.24,49.7727916,49.5067886,0.0983407,0.0812015,0.8944343,0.8845139
26.25,49.7729706,49.5062316,0.0983014,0.0812348,0.8943457,0.8845804
26.26,49.7731468,49.5056774,0.0982616,0.0812684,0.8942576,0.8846470
26.27,49.7733204,49.5051259,0.0982213,0.0813024,0.8941699,0.8847138
26.28,49.7734912,49.5045773,0.0981806,0.0813366,0.8940827,0.8847807
26.29,49.7736592,49.5040316,0.0981394,0.0813712,0.8939960,0.8848477
26.30,49.7738245,49.5034887,0.0980977,0.0814062,0.8939097,0.8849148
26.31,49.7739869,49.5029486,0.0980556,0.0814414,0.8938240,0.8849820
26.32,49.7741464,49.5024115,0.0980131,0.0814770,0.8937388,0.8850493
26.33,49.7743031,49.5018772,0.0979701,0.0815129,0.8936541,0.8851167
26.34,49.7744570,49.5013459,0.0979268,0.0815490,0.8935700,0.8851842
26.35,49.7746078,49.5008175,0.0978830,0.0815856,0.8934865,0.8852518
26.36,49.7747558,49.5002921,0.0978388,0.0816224,0.8934035,0.8853195
26.37,49.7749008,49.4997696,0.0977943,0.0816595,0.8933212,0.8853873
26.38,49.7750428,49.4992501,0.0977494,0.0816969,0.8932395,0.8854552
26.39,49.7751819,49.4987336,0.0977041,0.0817347,0.8931584,0.8855232
26.40,49.7753179,49.4982201,0.0976585,0.0817727,0.8930779,0.8855912
26.41,49.7754509,49.4977096,0.0976125,0.0818110,0.8929981,0.8856593
26.42,49.7755808,49.4972022,0.0975662,0.0818497,0.8929190,0.8857275
26.43,49.7757077,49.4966978,0.0975196,0.0818886,0.8928406,0.8857958
26.44,49.7758315,49.4961965,0.0974726,0.0819278,0.8927628,0.8858641
26.45,49.7759522,49.4956983,0.0974254,0.0819673,0.8926858,0.8859326
26.46,49.7760698,49.4952032,0.0973778,0.0820071,0.8926095,0.8860010
26.47,49.7761842,49.4947112,0.0973300,0.0820472,0.8925339,0.8860696
26.48,49.7762956,49.4942223,0.0972819,0.0820876,0.8924591,0.8861381
26.49,49.7764037,49.4937366,0.0972336,0.0821282,0.8923851,0.8862068
26.50,49.7765087,49.4932540,0.0971849,0.0821691,0.8923118,0.8862755
26.51,49.7766106,49.4927746,0.0971361,0.0822103,0.8922393,0.8863442
26.52,49.7767092,49.4922984,0.0970870,0.0822518,0.8921676,0.8864130
26.53,49.7768047,49.4918253,0.0970377,0.0822935,0.8920967,0.8864819
26.54,49.7768969,49.4913555,0.0969882,0.0823356,0.8920267,0.8865507
26.55,49.7769859,49.4908889,0.0969385,0.0823779,0.8919575,0.8866196
26.56,49.7770718,49.4904255,0.0968886,0.0824204,0.8918891,0.8866886
26.57,49.7771543,49.4899654,0.0968385,0.0824632,0.8918216,0.8867576
26.58,49.7772337,49.4895085,0.0967882,0.0825063,0.8917549,0.8868266
26.59,49.7773098,49.4890549,0.0967378,0.0825496,0.8916892,0.8868956
26.60,49.7773826,49.4886046,0.0966873,0.0825932,0.8916243,0.8869646
26.61,49.7774522,49.4881575,0.0966366,0.0826370,0.8915603,0.8870337
26.62,49.7775186,49.4877138,0.0965858,0.0826811,0.8914972,0.8871028
26.63,49.7775817,49.4872734,0.0965348,0.0827255,0.8914351,0.8871719
26.64,49.7776415,49.4868363,0.0964838,0.0827701,0.8913739,0.8872410
26.65,49.7776980,49.4864026,0.0964326,0.0828149,0.8913136,0.8873101
26.66,49.7777513,49.4859722,0.0963814,0.0828600,0.8912542,0.8873792
26.67,49.7778013,49.4855451,0.0963301,0.0829053,0.8911958,0.8874484
26.68,49.7778481,49.4851215,0.0962787,0.0829508,0.8911384,0.8875175
26.69,49.7778915,49.4847012,0.0962273,0.0829966,0.8910819,0.8875866
26.70,49.7779317,49.4842843,0.0961758,0.0830426,0.8910265,0.8876557
26.71,49.7779687,49.4838708,0.0961243,0.0830889,0.8909720,0.8877248
26.72,49.7780024,49.4834607,0.0960728,0.0831353,0.8909185,0.8877939
26.73,49.7780328,49.4830541,0.0960212,0.0831820,0.8908660,0.8878630
26.74,49.7780599,49.4826509,0.0959697,0.0832290,0.8908146,0.8879321
26.75,49.7780838,49.4822511,0.0959181,0.0832761,0.8907641,0.8880011
26.76,49.7781045,49.4818548,0.0958666,0.0833235,0.8907147,0.8880701
26.77,49.7781219,49.4814619,0.0958151,0.0833710,0.8906663,0.8881391
26.78,49.7781361,49.4810725,0.0957636,0.0834188,0.8906189,0.8882081
26.79,49.7781470,49.4806866,0.0957122,0.0834668,0.8905726,0.8882770
26.80,49.7781547,49.4803041,0.0956608,0.0835150,0.8905274,0.8883459
26.81,49.7781592,49.4799252,0.0956095,0.0835634,0.8904832,0.8884147
26.82,49.7781605,49.4795497,0.0955583,0.0836121,0.8904400,0.8884835
26.83,49.7781586,49.4791778,0.0955072,0.0836609,0.8903979,0.8885523
26.84,49.7781535,49.4788094,0.0954561,0.0837099,0.8903569,0.8886210
26.85,49.7781452,49.4784445,0.0954052,0.0837591,0.8903170,0.8886897
26.86,49.7781338,49.4780832,0.0953544,0.0838085,0.8902782,0.8887583
26.87,49.7781192,49.4777254,0.0953037,0.0838581,0.8902404,0.8888269
26.88,49.7781015,49.4773711,0.0952531,0.0839079,0.8902038,0.8888954
26.89,49.7780806,49.4770204,0.0952027,0.0839578,0.8901682,0.8889639
26.90,49.7780566,49.4766733,0.0951524,0.0840080,0.8901338,0.8890323
26.91,49.7780295,49.4763298,0.0951023,0.0840583,0.8901004,0.8891006
26.92,49.7779993,49.4759898,0.0950524,0.0841088,0.8900682,0.8891689
26.93,49.7779661,49.4756534,0.0950026,0.0841595,0.8900370,0.8892371
26.94,49.7779297,49.4753206,0.0949531,0.0842104,0.8900070,0.8893052
26.95,49.7778904,49.4749914,0.0949037,0.0842614,0.8899781,0.8893732
26.96,49.7778480,49.4746658,0.0948546,0.0843126,0.8899503,0.8894412
26.97,49.7778026,49.4743438,0.0948056,0.0843640,0.8899236,0.8895091
26.98,49.7777542,49.4740254,0.0947569,0.0844155,0.8898980,0.8895769
26.99,49.7777028,49.4737107,0.0947084,0.0844672,0.8898736,0.8896446
27.00,49.7776485,49.4733996,0.0946602,0.0845191,0.8898503,0.8897122
27.01,49.7775912,49.4730921,0.0946123,0.0845711,0.8898281,0.8897797
27.02,49.7775311,49.4727882,0.0945645,0.0846232,0.8898071,0.8898472
27.03,49.7774680,49.4724880,0.0945171,0.0846756,0.8897872,0.8899145
27.04,49.7774020,49.4721914,0.0944699,0.0847280,0.8897684,0.8899818
27.05,49.7773332,49.4718985,0.0944231,0.0847806,0.8897507,0.8900489
27.06,49.7772616,49.4716093,0.0943765,0.0848334,0.8897342,0.8901159
27.07,49.7771871,49.4713237,0.0943302,0.0848863,0.8897188,0.8901829
27.08,49.7771099,49.4710418,0.0942843,0.0849393,0.8897045,0.8902497
27.09,49.7770299,49.4707635,0.0942386,0.0849925,0.8896913,0.8903164
27.10,49.7769472,49.4704889,0.0941933,0.0850458,0.8896793,0.8903830
27.11,49.7768617,49.4702180,0.0941484,0.0850992,0.8896684,0.8904495
27.12,49.7767736,49.4699508,0.0941037,0.0851528,0.8896587,0.8905158
27.13,49.7766828,49.4696872,0.0940595,0.0852065,0.8896500,0.8905821
27.14,49.7765893,49.4694274,0.0940155,0.0852603,0.8896425,0.8906482
27.15,49.7764932,49.4691712,0.0939720,0.0853142,0.8896361,0.8907142
27.16,49.7763946,49.4689187,0.0939288,0.0853683,0.8896308,0.8907800
27.17,49.7762934,49.4686699,0.0938860,0.0854225,0.8896267,0.8908457
27.18,49.7761896,49.4684249,0.0938436,0.0854768,0.8896236,0.8909113
27.19,49.7760834,49.4681835,0.0938016,0.0855312,0.8896217,0.8909768
27.20,49.7759746,49.4679458,0.0937601,0.0855857,0.8896209,0.8910421
27.21,49.7758634,49.4677118,0.0937189,0.0856403,0.8896212,0.8911073
27.22,49.7757498,49.4674816,0.0936781,0.0856950,0.8896225,0.8911723
27.23,49.7756338,49.4672550,0.0936378,0.0857498,0.8896250,0.8912372
27.24,49.7755155,49.4670321,0.0935978,0.0858048,0.8896286,0.8913019
27.25,49.7753948,49.4668130,0.0935584,0.0858598,0.8896333,0.8913665
27.26,49.7752718,49.4665976,0.0935193,0.0859149,0.8896391,0.8914309
27.27,49.7751465,49.4663859,0.0934808,0.0859701,0.8896459,0.8914952
27.28,49.7750190,49.4661779,0.0934427,0.0860254,0.8896538,0.8915593
27.29,49.7748893,49.4659736,0.0934050,0.0860808,0.8896628,0.8916232
27.30,49.7747574,49.4657730,0.0933678,0.0861362,0.8896729,0.8916870
27.31,49.7746234,49.4655762,0.0933311,0.0861918,0.8896840,0.8917506
27.32,49.7744873,49.4653831,0.0932949,0.0862474,0.8896962,0.8918141
27.33,49.7743491,49.4651937,0.0932591,0.0863031,0.8897095,0.8918774
27.34,49.7742088,49.4650080,0.0932239,0.0863589,0.8897238,0.8919405
27.35,49.7740666,49.4648260,0.0931891,0.0864148,0.8897391,0.8920034
27.36,49.7739223,49.4646478,0.0931549,0.0864707,0.8897555,0.8920662
27.37,49.7737761,49.4644732,0.0931211,0.0865267,0.8897729,0.8921288
27.38,49.7736280,49.4643024,0.0930879,0.0865827,0.8897913,0.8921912
27.39,49.7734780,49.4641353,0.0930552,0.0866388,0.8898108,0.8922534
27.40,49.7733262,49.4639719,0.0930230,0.0866950,0.8898312,0.8923154
27.41,49.7731726,49.4638123,0.0929914,0.0867512,0.8898527,0.8923773
27.42,49.7730172,49.4636563,0.0929603,0.0868075,0.8898751,0.8924389
27.43,49.7728601,49.4635041,0.0929297,0.0868639,0.8898986,0.8925004
27.44,49.7727013,49.4633555,0.0928996,0.0869203,0.8899230,0.8925617
27.45,49.7725408,49.4632107,0.0928701,0.0869767,0.8899484,0.8926228
27.46,49.7723787,49.4630696,0.0928412,0.0870332,0.8899748,0.8926836
27.47,49.7722151,49.4629322,0.0928128,0.0870897,0.8900021,0.8927443
27.48,49.7720498,49.4627985,0.0927850,0.0871463,0.8900303,0.8928048
27.49,49.7718831,49.4626685,0.0927577,0.0872029,0.8900596,0.8928650
27.50,49.7717148,49.4625422,0.0927310,0.0872595,0.8900897,0.8929251
27.51,49.7715452,49.4624195,0.0927049,0.0873162,0.8901208,0.8929850
27.52,49.7713741,49.4623006,0.0926793,0.0873729,0.8901528,0.8930446
27.53,49.7712017,49.4621854,0.0926544,0.0874296,0.8901856,0.8931040
27.54,49.7710279,49.4620739,0.0926300,0.0874864,0.8902194,0.8931633
27.55,49.7708529,49.4619660,0.0926062,0.0875432,0.8902541,0.8932223
27.56,49.7706766,49.4618618,0.0925829,0.0876000,0.8902897,0.8932810
27.57,49.7704990,49.4617614,0.0925603,0.0876568,0.8903261,0.8933396
27.58,49.7703204,49.4616645,0.0925383,0.0877136,0.8903634,0.8933979
27.59,49.7701405,49.4615714,0.0925168,0.0877705,0.8904015,0.8934560
27.60,49.7699596,49.4614819,0.0924959,0.0878273,0.8904405,0.8935139
27.61,49.7697776,49.4613961,0.0924757,0.0878842,0.8904803,0.8935716
27.62,49.7695946,49.4613140,0.0924560,0.0879411,0.8905209,0.8936290
27.63,49.7694107,49.4612355,0.0924370,0.0879980,0.8905624,0.8936862
27.64,49.7692258,49.4611606,0.0924185,0.0880548,0.8906046,0.8937432
27.65,49.7690399,49.4610894,0.0924007,0.0881117,0.8906476,0.8937999
27.66,49.7688533,49.4610218,0.0923835,0.0881686,0.8906914,0.8938564
27.67,49.7686658,49.4609579,0.0923669,0.0882255,0.8907360,0.8939126
27.68,49.7684775,49.4608976,0.0923509,0.0882823,0.8907813,0.8939686
27.69,49.7682884,49.4608410,0.0923355,0.0883392,0.8908274,0.8940244
27.70,49.7680987,49.4607879,0.0923207,0.0883960,0.8908741,0.8940799
27.71,49.7679083,49.4607385,0.0923065,0.0884529,0.8909217,0.8941352
27.72,49.7677173,49.4606927,0.0922930,0.0885097,0.8909699,0.8941902
27.73,49.7675256,49.4606505,0.0922801,0.0885665,0.8910188,0.8942449
27.74,49.7673335,49.4606119,0.0922678,0.0886233,0.8910684,0.8942995
27.75,49.7671408,49.4605769,0.0922561,0.0886800,0.8911187,0.8943537
27.76,49.7669476,49.4605454,0.0922450,0.0887367,0.8911697,0.8944077
27.77,49.7667541,49.4605176,0.0922346,0.0887934,0.8912213,0.8944615
27.78,49.7665601,49.4604933,0.0922248,0.0888501,0.8912735,0.8945150
27.79,49.7663658,49.4604726,0.0922156,0.0889067,0.8913264,0.8945682
27.80,49.7661711,49.4604555,0.0922070,0.0889633,0.8913799,0.8946212
27.81,49.7659762,49.4604419,0.0921990,0.0890199,0.8914340,0.8946739
27.82,49.7657811,49.4604318,0.0921917,0.0890764,0.8914887,0.8947263
27.83,49.7655857,49.4604253,0.0921850,0.0891329,0.8915439,0.8947785
27.84,49.7653903,49.4604224,0.0921789,0.0891893,0.8915997,0.8948304
27.85,49.7651946,49.4604230,0.0921734,0.0892457,0.8916561,0.8948820
27.86,49.7649990,49.4604270,0.0921685,0.0893020,0.8917130,0.8949334
27.87,49.7648032,49.4604346,0.0921643,0.0893583,0.8917705,0.8949844
27.88,49.7646075,49.4604457,0.0921606,0.0894146,0.8918285,0.8950352
27.89,49.7644118,49.4604603,0.0921576,0.0894707,0.8918869,0.8950858
27.90,49.7642162,49.4604784,0.0921552,0.0895269,0.8919459,0.8951360
27.91,49.7640207,49.4605000,0.0921534,0.0895829,0.8920053,0.8951860
27.92,49.7638253,49.4605250,0.0921523,0.0896389,0.8920652,0.8952357
27.93,49.7636302,49.4605535,0.0921517,0.0896949,0.8921255,0.8952851
27.94,49.7634352,49.4605855,0.0921517,0.0897507,0.8921863,0.8953342
27.95,49.7632406,49.4606209,0.0921524,0.0898065,0.8922475,0.8953831
27.96,49.7630462,49.4606598,0.0921536,0.0898623,0.8923091,0.8954316
27.97,49.7628522,49.4607020,0.0921555,0.0899179,0.8923711,0.8954799
27.98,49.7626585,49.4607478,0.0921580,0.0899735,0.8924335,0.8955279
27.99,49.7624653,49.4607969,0.0921610,0.0900290,0.8924963,0.8955755
28.00,49.7622725,49.4608494,0.0921647,0.0900844,0.8925594,0.8956229
28.01,49.7620802,49.4609053,0.0921689,0.0901398,0.8926228,0.8956700
28.02,49.7618884,49.4609646,0.0921737,0.0901950,0.8926866,0.8957168
28.03,49.7616972,49.4610273,0.0921792,0.0902502,0.8927507,0.8957633
28.04,49.7615066,49.4610933,0.0921852,0.0903053,0.8928151,0.8958095
28.05,49.7613166,49.4611627,0.0921918,0.0903603,0.8928798,0.8958554
28.06,49.7611273,49.4612354,0.0921989,0.0904152,0.8929448,0.8959011
28.07,49.7609386,49.4613115,0.0922067,0.0904700,0.8930101,0.8959464
28.08,49.7607508,49.4613909,0.0922150,0.0905247,0.8930755,0.8959914
28.09,49.7605636,49.4614736,0.0922239,0.0905793,0.8931413,0.8960361
28.10,49.7603773,49.4615596,0.0922333,0.0906338,0.8932072,0.8960804
28.11,49.7601919,49.4616489,0.0922434,0.0906883,0.8932733,0.8961245
28.12,49.7600073,49.4617415,0.0922539,0.0907426,0.8933397,0.8961683
28.13,49.7598236,49.4618374,0.0922651,0.0907968,0.8934062,0.8962118
28.14,49.7596409,49.4619365,0.0922768,0.0908509,0.8934729,0.8962549
28.15,49.7594591,49.4620389,0.0922890,0.0909049,0.8935397,0.8962978
28.16,49.7592784,49.4621445,0.0923018,0.0909587,0.8936067,0.8963403
28.17,49.7590987,49.4622534,0.0923151,0.0910125,0.8936738,0.8963825
28.18,49.7589200,49.4623654,0.0923289,0.0910661,0.8937411,0.8964244
28.19,49.7587425,49.4624807,0.0923433,0.0911197,0.8938084,0.8964660
28.20,49.7585661,49.4625992,0.0923582,0.0911731,0.8938758,0.8965073
28.21,49.7583909,49.4627209,0.0923737,0.0912263,0.8939433,0.8965483
28.22,49.7582168,49.4628457,0.0923896,0.0912795,0.8940108,0.8965889
28.23,49.7580440,49.4629737,0.0924061,0.0913325,0.8940784,0.8966292
28.24,49.7578725,49.4631048,0.0924231,0.0913854,0.8941460,0.8966692
28.25,49.7577022,49.4632391,0.0924406,0.0914382,0.8942136,0.8967089
28.26,49.7575333,49.4633765,0.0924585,0.0914908,0.8942813,0.8967482
28.27,49.7573657,49.4635170,0.0924770,0.0915433,0.8943489,0.8967873
28.28,49.7571995,49.4636606,0.0924960,0.0915957,0.8944165,0.8968260
28.29,49.7570347,49.4638073,0.0925154,0.0916480,0.8944841,0.8968643
28.30,49.7568714,49.4639571,0.0925353,0.0917000,0.8945516,0.8969024
28.31,49.7567095,49.4641099,0.0925557,0.0917520,0.8946191,0.8969401
28.32,49.7565491,49.4642658,0.0925766,0.0918038,0.8946865,0.8969775
28.33,49.7563902,49.4644247,0.0925979,0.0918555,0.8947538,0.8970146
28.34,49.7562329,49.4645867,0.0926197,0.0919070,0.8948210,0.8970513
28.35,49.7560771,49.4647516,0.0926420,0.0919584,0.8948880,0.8970877
28.36,49.7559229,49.4649196,0.0926646,0.0920096,0.8949550,0.8971238
28.37,49.7557704,49.4650905,0.0926878,0.0920606,0.8950218,0.8971595
28.38,49.7556195,49.4652644,0.0927113,0.0921116,0.8950885,0.8971949
28.39,49.7554703,49.4654413,0.0927353,0.0921623,0.8951550,0.8972300
28.40,49.7553227,49.4656211,0.0927597,0.0922129,0.8952213,0.8972647
28.41,49.7551769,49.4658039,0.0927845,0.0922633,0.8952875,0.8972991
28.42,49.7550329,49.4659895,0.0928098,0.0923136,0.8953534,0.8973332
28.43,49.7548906,49.4661781,0.0928354,0.0923637,0.8954192,0.8973669
28.44,49.7547501,49.4663695,0.0928614,0.0924137,0.8954847,0.8974003
28.45,49.7546114,49.4665639,0.0928879,0.0924635,0.8955499,0.8974334
28.46,49.7544745,49.4667610,0.0929147,0.0925131,0.8956149,0.8974661
28.47,49.7543395,49.4669611,0.0929419,0.0925625,0.8956797,0.8974985
28.48,49.7542064,49.4671640,0.0929694,0.0926118,0.8957441,0.8975305
28.49,49.7540752,49.4673696,0.0929974,0.0926609,0.8958083,0.8975622
28.50,49.7539459,49.4675781,0.0930257,0.0927098,0.8958722,0.8975935
28.51,49.7538186,49.4677894,0.0930543,0.0927586,0.8959358,0.8976245
28.52,49.7536932,49.4680035,0.0930833,0.0928071,0.8959991,0.8976552
28.53,49.7535697,49.4682203,0.0931126,0.0928555,0.8960620,0.8976855
28.54,49.7534483,49.4684399,0.0931423,0.0929037,0.8961246,0.8977155
28.55,49.7533289,49.4686622,0.0931723,0.0929518,0.8961868,0.8977451
28.56,49.7532115,49.4688872,0.0932026,0.0929996,0.8962486,0.8977744
28.57,49.7530962,49.4691149,0.0932332,0.0930473,0.8963101,0.8978034
28.58,49.7529830,49.4693453,0.0932641,0.0930947,0.8963712,0.8978320
28.59,49.7528718,49.4695784,0.0932953,0.0931420,0.8964319,0.8978602
28.60,49.7527627,49.4698141,0.0933268,0.0931891,0.8964922,0.8978881
28.61,49.7526557,49.4700525,0.0933586,0.0932360,0.8965520,0.8979157
28.62,49.7525509,49.4702935,0.0933907,0.0932827,0.8966115,0.8979429
28.63,49.7524482,49.4705371,0.0934230,0.0933292,0.8966704,0.8979698
28.64,49.7523476,49.4707833,0.0934556,0.0933755,0.8967290,0.8979963
28.65,49.7522493,49.4710320,0.0934885,0.0934216,0.8967870,0.8980224
28.66,49.7521531,49.4712834,0.0935216,0.0934675,0.8968446,0.8980482
28.67,49.7520591,49.4715373,0.0935550,0.0935132,0.8969017,0.8980737
28.68,49.7519673,49.4717937,0.0935885,0.0935587,0.8969584,0.8980988
28.69,49.7518778,49.4720526,0.0936223,0.0936040,0.8970145,0.8981236
28.70,49.7517904,49.4723140,0.0936564,0.0936491,0.8970701,0.8981480
28.71,49.7517053,49.4725780,0.0936906,0.0936940,0.8971252,0.8981721
28.72,49.7516225,49.4728443,0.0937251,0.0937387,0.8971797,0.8981958
28.73,49.7515419,49.4731132,0.0937597,0.0937831,0.8972337,0.8982192
28.74,49.7514636,49.4733844,0.0937945,0.0938274,0.8972872,0.8982422
28.75,49.7513876,49.4736581,0.0938296,0.0938714,0.8973401,0.8982648
28.76,49.7513138,49.4739342,0.0938648,0.0939153,0.8973924,0.8982871
28.77,49.7512424,49.4742127,0.0939001,0.0939589,0.8974442,0.8983091
28.78,49.7511732,49.4744935,0.0939356,0.0940023,0.8974954,0.8983307
28.79,49.7511064,49.4747767,0.0939713,0.0940454,0.8975459,0.8983520
28.80,49.7510419,49.4750623,0.0940071,0.0940884,0.8975959,0.8983729
28.81,49.7509797,49.4753501,0.0940431,0.0941311,0.8976453,0.8983934
28.82,49.7509198,49.4756403,0.0940792,0.0941736,0.8976941,0.8984136
28.83,49.7508623,49.4759327,0.0941154,0.0942159,0.8977422,0.8984334
28.84,49.7508071,49.4762274,0.0941517,0.0942580,0.8977897,0.8984529
28.85,49.7507542,49.4765244,0.0941881,0.0942998,0.8978366,0.8984721
28.86,49.7507037,49.4768236,0.0942247,0.0943414,0.8978828,0.8984908
28.87,49.7506556,49.4771250,0.0942613,0.0943828,0.8979284,0.8985093
28.88,49.7506097,49.4774286,0.0942980,0.0944240,0.8979733,0.8985273
28.89,49.7505663,49.4777344,0.0943348,0.0944649,0.8980175,0.8985451
28.90,49.7505252,49.4780424,0.0943717,0.0945056,0.8980611,0.8985624
28.91,49.7504864,49.4783525,0.0944086,0.0945460,0.8981039,0.8985795
28.92,49.7504500,49.4786648,0.0944456,0.0945862,0.8981461,0.8985961
28.93,49.7504160,49.4789791,0.0944826,0.0946262,0.8981876,0.8986124
28.94,49.7503843,49.4792956,0.0945197,0.0946660,0.8982284,0.8986284
28.95,49.7503550,49.4796141,0.0945568,0.0947055,0.8982685,0.8986440
28.96,49.7503280,49.4799347,0.0945939,0.0947447,0.8983079,0.8986592
28.97,49.7503034,49.4802574,0.0946310,0.0947838,0.8983466,0.8986741
28.98,49.7502811,49.4805821,0.0946682,0.0948225,0.8983845,0.8986887
28.99,49.7502612,49.4809087,0.0947054,0.0948611,0.8984217,0.8987029
29.00,49.7502437,49.4812374,0.0947425,0.0948994,0.8984582,0.8987167
29.01,49.7502284,49.4815681,0.0947797,0.0949374,0.8984939,0.8987302
29.02,49.7502155,49.4819007,0.0948168,0.0949752,0.8985289,0.8987434
29.03,49.7502050,49.4822352,0.0948539,0.0950128,0.8985632,0.8987561
29.04,49.7501968,49.4825717,0.0948910,0.0950501,0.8985967,0.8987686
29.05,49.7501909,49.4829100,0.0949280,0.0950872,0.8986294,0.8987807
29.06,49.7501873,49.4832503,0.0949650,0.0951240,0.8986614,0.8987924
29.07,49.7501860,49.4835924,0.0950019,0.0951605,0.8986926,0.8988038
29.08,49.7501871,49.4839364,0.0950388,0.0951968,0.8987230,0.8988148
29.09,49.7501904,49.4842822,0.0950756,0.0952329,0.8987527,0.8988255
29.10,49.7501960,49.4846298,0.0951124,0.0952687,0.8987816,0.8988358
29.11,49.7502040,49.4849792,0.0951490,0.0953042,0.8988097,0.8988458
29.12,49.7502142,49.4853303,0.0951856,0.0953395,0.8988370,0.8988554
29.13,49.7502266,49.4856833,0.0952220,0.0953745,0.8988636,0.8988647
29.14,49.7502413,49.4860379,0.0952584,0.0954093,0.8988893,0.8988736
29.15,49.7502583,49.4863943,0.0952947,0.0954438,0.8989143,0.8988822
29.16,49.7502775,49.4867524,0.0953308,0.0954781,0.8989384,0.8988905
29.17,49.7502990,49.4871122,0.0953668,0.0955121,0.8989618,0.8988983
29.18,49.7503226,49.4874737,0.0954027,0.0955458,0.8989844,0.8989059
29.19,49.7503485,49.4878367,0.0954384,0.0955793,0.8990061,0.8989131
29.20,49.7503766,49.4882015,0.0954740,0.0956125,0.8990271,0.8989199
29.21,49.7504068,49.4885678,0.0955095,0.0956454,0.8990472,0.8989264
29.22,49.7504392,49.4889357,0.0955448,0.0956781,0.8990666,0.8989326
29.23,49.7504738,49.4893052,0.0955799,0.0957105,0.8990851,0.8989384
29.24,49.7505105,49.4896763,0.0956149,0.0957427,0.8991028,0.8989439
29.25,49.7505494,49.4900488,0.0956497,0.0957745,0.8991198,0.8989490
29.26,49.7505904,49.4904229,0.0956843,0.0958061,0.8991359,0.8989538
29.27,49.7506334,49.4907986,0.0957187,0.0958375,0.8991512,0.8989582
29.28,49.7506786,49.4911756,0.0957529,0.0958686,0.8991656,0.8989623
29.29,49.7507259,49.4915542,0.0957870,0.0958994,0.8991793,0.8989660
29.30,49.7507752,49.4919342,0.0958208,0.0959299,0.8991922,0.8989695
29.31,49.7508265,49.4923156,0.0958544,0.0959602,0.8992042,0.8989725
29.32,49.7508799,49.4926984,0.0958878,0.0959901,0.8992154,0.8989753
29.33,49.7509353,49.4930826,0.0959209,0.0960199,0.8992258,0.8989776
29.34,49.7509927,49.4934682,0.0959539,0.0960493,0.8992354,0.8989797
29.35,49.7510520,49.4938551,0.0959866,0.0960785,0.8992442,0.8989814
29.36,49.7511133,49.4942433,0.0960190,0.0961074,0.8992522,0.8989828
29.37,49.7511766,49.4946329,0.0960512,0.0961360,0.8992593,0.8989838
29.38,49.7512418,49.4950237,0.0960832,0.0961643,0.8992657,0.8989845
29.39,49.7513089,49.4954159,0.0961149,0.0961924,0.8992712,0.8989849
29.40,49.7513779,49.4958092,0.0961463,0.0962202,0.8992759,0.8989849
29.41,49.7514487,49.4962038,0.0961775,0.0962477,0.8992799,0.8989846
29.42,49.7515214,49.4965997,0.0962084,0.0962749,0.8992830,0.8989840
29.43,49.7515960,49.4969967,0.0962390,0.0963019,0.8992853,0.8989830
29.44,49.7516723,49.4973949,0.0962693,0.0963285,0.8992868,0.8989817
29.45,49.7517504,49.4977943,0.0962993,0.0963549,0.8992875,0.8989800
29.46,49.7518303,49.4981948,0.0963290,0.0963810,0.8992874,0.8989781
29.47,49.7519120,49.4985964,0.0963585,0.0964069,0.8992865,0.8989758
29.48,49.7519954,49.4989991,0.0963876,0.0964324,0.8992848,0.8989732
29.49,49.7520804,49.4994030,0.0964164,0.0964577,0.8992824,0.8989702
29.50,49.7521672,49.4998078,0.0964449,0.0964827,0.8992791,0.8989669
29.51,49.7522556,49.5002138,0.0964731,0.0965074,0.8992751,0.8989633
29.52,49.7523457,49.5006207,0.0965010,0.0965318,0.8992702,0.8989594
29.53,49.7524374,49.5010287,0.0965285,0.0965559,0.8992646,0.8989551
29.54,49.7525307,49.5014376,0.0965557,0.0965798,0.8992583,0.8989505
29.55,49.7526255,49.5018475,0.0965825,0.0966033,0.8992511,0.8989456
29.56,49.7527219,49.5022584,0.0966091,0.0966266,0.8992432,0.8989404
29.57,49.7528198,49.5026702,0.0966352,0.0966496,0.8992345,0.8989348
29.58,49.7529192,49.5030829,0.0966610,0.0966723,0.8992251,0.8989290
29.59,49.7530202,49.5034965,0.0966865,0.0966947,0.8992149,0.8989228
29.60,49.7531225,49.5039110,0.0967116,0.0967169,0.8992039,0.8989163
29.61,49.7532263,49.5043264,0.0967363,0.0967387,0.8991922,0.8989094
29.62,49.7533315,49.5047425,0.0967607,0.0967603,0.8991798,0.8989023
29.63,49.7534380,49.5051595,0.0967847,0.0967816,0.8991666,0.8988948
29.64,49.7535460,49.5055773,0.0968084,0.0968025,0.8991527,0.8988871
29.65,49.7536552,49.5059959,0.0968316,0.0968233,0.8991381,0.8988790
29.66,49.7537658,49.5064152,0.0968545,0.0968437,0.8991227,0.8988706
29.67,49.7538776,49.5068353,0.0968770,0.0968638,0.8991066,0.8988618
29.68,49.7539907,49.5072561,0.0968991,0.0968836,0.8990898,0.8988528
29.69,49.7541050,49.5076776,0.0969208,0.0969032,0.8990723,0.8988435
29.70,49.7542205,49.5080998,0.0969421,0.0969224,0.8990541,0.8988338
29.71,49.7543372,49.5085227,0.0969630,0.0969414,0.8990352,0.8988239
29.72,49.7544550,49.5089462,0.0969835,0.0969601,0.8990156,0.8988136
29.73,49.7545740,49.5093703,0.0970037,0.0969785,0.8989953,0.8988030
29.74,49.7546941,49.5097951,0.0970234,0.0969966,0.8989744,0.8987922
29.75,49.7548152,49.5102204,0.0970427,0.0970144,0.8989527,0.8987810
29.76,49.7549373,49.5106463,0.0970616,0.0970319,0.8989304,0.8987695
29.77,49.7550605,49.5110728,0.0970801,0.0970491,0.8989075,0.8987577
29.78,49.7551847,49.5114998,0.0970981,0.0970661,0.8988838,0.8987456
29.79,49.7553098,49.5119273,0.0971158,0.0970827,0.8988596,0.8987333
29.80,49.7554359,49.5123553,0.0971330,0.0970991,0.8988347,0.8987206
29.81,49.7555628,49.5127838,0.0971498,0.0971152,0.8988091,0.8987076
29.82,49.7556907,49.5132127,0.0971662,0.0971309,0.8987830,0.8986943
29.83,49.7558194,49.5136421,0.0971821,0.0971464,0.8987562,0.8986808
29.84,49.7559489,49.5140719,0.0971977,0.0971616,0.8987288,0.8986669
29.85,49.7560792,49.5145021,0.0972128,0.0971765,0.8987008,0.8986528
29.86,49.7562103,49.5149327,0.0972274,0.0971911,0.8986721,0.8986383
29.87,49.7563421,49.5153637,0.0972417,0.0972055,0.8986429,0.8986236
29.88,49.7564746,49.5157950,0.0972555,0.0972195,0.8986132,0.8986086
29.89,49.7566078,49.5162266,0.0972688,0.0972333,0.8985828,0.8985933
29.90,49.7567417,49.5166585,0.0972817,0.0972467,0.8985519,0.8985777
29.91,49.7568762,49.5170908,0.0972942,0.0972599,0.8985204,0.8985618
29.92,49.7570113,49.5175233,0.0973063,0.0972727,0.8984883,0.8985456
29.93,49.7571469,49.5179561,0.0973179,0.0972853,0.8984557,0.8985292
29.94,49.7572831,49.5183891,0.0973290,0.0972976,0.8984226,0.8985124
29.95,49.7574198,49.5188223,0.0973397,0.0973096,0.8983889,0.8984954
29.96,49.7575570,49.5192557,0.0973500,0.0973213,0.8983548,0.8984781
29.97,49.7576947,49.5196893,0.0973598,0.0973328,0.8983201,0.8984606
29.98,49.7578328,49.5201231,0.0973692,0.0973439,0.8982849,0.8984427
29.99,49.7579712,49.5205570,0.0973781,0.0973547,0.8982492,0.8984246
30.00,49.7581101,49.5209910,0.0973866,0.0973653,0.8982130,0.8984062
30.01,49.7582493,49.5214252,0.0973947,0.0973756,0.8981763,0.8983876
30.02,49.7583888,49.5218594,0.0974023,0.0973855,0.8981392,0.8983686
30.03,49.7585286,49.5222937,0.0974094,0.0973952,0.8981016,0.8983494
30.04,49.7586686,49.5227281,0.0974161,0.0974046,0.8980635,0.8983300
30.05,49.7588089,49.5231624,0.0974223,0.0974137,0.8980250,0.8983102
30.06,49.7589494,49.5235969,0.0974282,0.0974225,0.8979861,0.8982902
30.07,49.7590901,49.5240313,0.0974335,0.0974311,0.8979468,0.8982700
30.08,49.7592309,49.5244657,0.0974384,0.0974393,0.8979070,0.8982494
30.09,49.7593718,49.5249000,0.0974429,0.0974473,0.8978668,0.8982287
30.10,49.7595128,49.5253343,0.0974469,0.0974550,0.8978262,0.8982076
30.11,49.7596538,49.5257685,0.0974505,0.0974623,0.8977852,0.8981863
30.12,49.7597949,49.5262027,0.0974536,0.0974694,0.8977439,0.8981647
30.13,49.7599360,49.5266367,0.0974563,0.0974762,0.8977021,0.8981429
30.14,49.7600771,49.5270706,0.0974585,0.0974828,0.8976600,0.8981208
30.15,49.7602182,49.5275044,0.0974603,0.0974890,0.8976176,0.8980985
30.16,49.7603591,49.5279380,0.0974617,0.0974950,0.8975748,0.8980759
30.17,49.7605000,49.5283714,0.0974626,0.0975006,0.8975317,0.8980531
30.18,49.7606407,49.5288046,0.0974630,0.0975060,0.8974882,0.8980300
30.19,49.7607812,49.5292376,0.0974631,0.0975111,0.8974445,0.8980067
30.20,49.7609216,49.5296704,0.0974627,0.0975159,0.8974004,0.8979831
30.21,49.7610617,49.5301029,0.0974618,0.0975204,0.8973560,0.8979593
30.22,49.7612017,49.5305352,0.0974605,0.0975247,0.8973113,0.8979353
30.23,49.7613413,49.5309672,0.0974588,0.0975287,0.8972664,0.8979110
30.24,49.7614807,49.5313989,0.0974567,0.0975323,0.8972212,0.8978865
30.25,49.7616197,49.5318302,0.0974541,0.0975357,0.8971757,0.8978617
30.26,49.7617584,49.5322612,0.0974511,0.0975389,0.8971300,0.8978367
30.27,49.7618967,49.5326919,0.0974477,0.0975417,0.8970841,0.8978114
30.28,49.7620346,49.5331222,0.0974439,0.0975443,0.8970379,0.8977860
30.29,49.7621721,49.5335521,0.0974396,0.0975465,0.8969915,0.8977603
30.30,49.7623091,49.5339817,0.0974349,0.0975485,0.8969449,0.8977343
30.31,49.7624456,49.5344107,0.0974298,0.0975503,0.8968981,0.8977082
30.32,49.7625817,49.5348394,0.0974243,0.0975517,0.8968511,0.8976818
30.33,49.7627172,49.5352676,0.0974183,0.0975529,0.8968039,0.8976551
30.34,49.7628522,49.5356953,0.0974120,0.0975537,0.8967565,0.8976283
30.35,49.7629866,49.5361226,0.0974052,0.0975543,0.8967090,0.8976012
30.36,49.7631204,49.5365493,0.0973981,0.0975547,0.8966614,0.8975740
30.37,49.7632535,49.5369755,0.0973905,0.0975547,0.8966135,0.8975465
30.38,49.7633860,49.5374012,0.0973825,0.0975545,0.8965656,0.8975187
30.39,49.7635179,49.5378263,0.0973742,0.0975540,0.8965176,0.8974908
30.40,49.7636490,49.5382509,0.0973654,0.0975532,0.8964694,0.8974626
30.41,49.7637794,49.5386749,0.0973562,0.0975522,0.8964211,0.8974343
30.42,49.7639091,49.5390982,0.0973467,0.0975509,0.8963727,0.8974057
30.43,49.7640380,49.5395210,0.0973368,0.0975493,0.8963243,0.8973769
30.44,49.7641661,49.5399431,0.0973264,0.0975474,0.8962758,0.8973479
30.45,49.7642933,49.5403645,0.0973157,0.0975453,0.8962272,0.8973187
30.46,49.7644198,49.5407853,0.0973047,0.0975429,0.8961785,0.8972893
30.47,49.7645454,49.5412054,0.0972932,0.0975402,0.8961299,0.8972597
30.48,49.7646701,49.5416248,0.0972814,0.0975373,0.8960811,0.8972299
30.49,49.7647939,49.5420435,0.0972692,0.0975341,0.8960324,0.8971999
30.50,49.7649167,49.5424615,0.0972567,0.0975306,0.8959837,0.8971697
30.51,49.7650386,49.5428787,0.0972438,0.0975269,0.8959349,0.8971393
30.52,49.7651596,49.5432951,0.0972305,0.0975229,0.8958861,0.8971087
30.53,49.7652795,49.5437108,0.0972169,0.0975186,0.8958374,0.8970779
30.54,49.7653985,49.5441257,0.0972029,0.0975141,0.8957887,0.8970469
30.55,49.7655164,49.5445397,0.0971886,0.0975092,0.8957400,0.8970158
30.56,49.7656333,49.5449530,0.0971739,0.0975042,0.8956914,0.8969844
30.57,49.7657491,49.5453654,0.0971589,0.0974989,0.8956428,0.8969529
30.58,49.7658638,49.5457769,0.0971436,0.0974933,0.8955942,0.8969212
30.59,49.7659773,49.5461876,0.0971280,0.0974874,0.8955458,0.8968892
30.60,49.7660898,49.5465974,0.0971120,0.0974813,0.8954974,0.8968572
30.61,49.7662011,49.5470063,0.0970957,0.0974749,0.8954491,0.8968249
30.62,49.7663112,49.5474142,0.0970790,0.0974683,0.8954009,0.8967924
30.63,49.7664202,49.5478213,0.0970621,0.0974614,0.8953529,0.8967598
30.64,49.7665280,49.5482273,0.0970449,0.0974543,0.8953049,0.8967270
30.65,49.7666345,49.5486325,0.0970273,0.0974469,0.8952571,0.8966940
30.66,49.7667398,49.5490366,0.0970095,0.0974392,0.8952094,0.8966609
30.67,49.7668438,49.5494398,0.0969913,0.0974313,0.8951618,0.8966276
30.68,49.7669466,49.5498419,0.0969729,0.0974231,0.8951144,0.8965941
30.69,49.7670480,49.5502430,0.0969541,0.0974147,0.8950671,0.8965605
30.70,49.7671482,49.5506431,0.0969351,0.0974061,0.8950201,0.8965267
30.71,49.7672471,49.5510422,0.0969158,0.0973971,0.8949732,0.8964927
30.72,49.7673446,49.5514402,0.0968963,0.0973880,0.8949265,0.8964586
30.73,49.7674407,49.5518371,0.0968764,0.0973785,0.8948800,0.8964243
30.74,49.7675355,49.5522329,0.0968563,0.0973689,0.8948337,0.8963898
30.75,49.7676289,49.5526276,0.0968360,0.0973590,0.8947876,0.8963552
30.76,49.7677209,49.5530212,0.0968154,0.0973488,0.8947417,0.8963205
30.77,49.7678115,49.5534136,0.0967945,0.0973384,0.8946961,0.8962856
30.78,49.7679007,49.5538050,0.0967734,0.0973277,0.8946507,0.8962505
30.79,49.7679885,49.5541951,0.0967521,0.0973169,0.8946055,0.8962153
30.80,49.7680748,49.5545841,0.0967305,0.0973057,0.8945606,0.8961800
30.81,49.7681596,49.5549719,0.0967087,0.0972943,0.8945160,0.8961445
30.82,49.7682429,49.5553584,0.0966866,0.0972827,0.8944716,0.8961088
30.83,49.7683248,49.5557438,0.0966644,0.0972709,0.8944276,0.8960730
30.84,49.7684052,49.5561279,0.0966419,0.0972588,0.8943838,0.8960371
30.85,49.7684840,49.5565108,0.0966192,0.0972464,0.8943403,0.8960011
30.86,49.7685614,49.5568924,0.0965963,0.0972339,0.8942971,0.8959649
30.87,49.7686372,49.5572728,0.0965732,0.0972210,0.8942542,0.8959286
30.88,49.7687114,49.5576519,0.0965499,0.0972080,0.8942116,0.8958921
30.89,49.7687841,49.5580297,0.0965265,0.0971947,0.8941694,0.8958555
30.90,49.7688553,49.5584062,0.0965028,0.0971812,0.8941275,0.8958188
30.91,49.7689248,49.5587813,0.0964790,0.0971675,0.8940859,0.8957820
30.92,49.7689928,49.5591551,0.0964549,0.0971535,0.8940447,0.8957450
30.93,49.7690592,49.5595276,0.0964308,0.0971393,0.8940038,0.8957079
30.94,49.7691240,49.5598987,0.0964064,0.0971249,0.8939633,0.8956707
30.95,49.7691872,49.5602685,0.0963819,0.0971102,0.8939232,0.8956334
30.96,49.7692488,49.5606368,0.0963572,0.0970953,0.8938834,0.8955959
30.97,49.7693087,49.5610038,0.0963324,0.0970802,0.8938440,0.8955583
30.98,49.7693670,49.5613693,0.0963075,0.0970649,0.8938050,0.8955207
30.99,49.7694237,49.5617335,0.0962824,0.0970494,0.8937664,0.8954829
31.00,49.7694788,49.5620962,0.0962571,0.0970336,0.8937283,0.8954450
31.01,49.7695322,49.5624574,0.0962318,0.0970176,0.8936905,0.8954070
31.02,49.7695839,49.5628172,0.0962063,0.0970014,0.8936531,0.8953688
31.03,49.7696340,49.5631756,0.0961807,0.0969849,0.8936161,0.8953306
31.04,49.7696824,49.5635324,0.0961550,0.0969683,0.8935796,0.8952923
31.05,49.7697292,49.5638878,0.0961292,0.0969514,0.8935435,0.8952539
31.06,49.7697743,49.5642416,0.0961033,0.0969343,0.8935078,0.8952153
31.07,49.7698177,49.5645939,0.0960773,0.0969170,0.8934726,0.8951767
31.08,49.7698594,49.5649447,0.0960512,0.0968995,0.8934379,0.8951380
31.09,49.7698994,49.5652940,0.0960251,0.0968818,0.8934035,0.8950992
31.10,49.7699378,49.5656417,0.0959988,0.0968639,0.8933697,0.8950603
31.11,49.7699744,49.5659879,0.0959725,0.0968457,0.8933363,0.8950213
31.12,49.7700094,49.5663325,0.0959461,0.0968274,0.8933034,0.8949822
31.13,49.7700427,49.5666755,0.0959196,0.0968088,0.8932710,0.8949430
31.14,49.7700742,49.5670169,0.0958931,0.0967901,0.8932390,0.8949037
31.15,49.7701041,49.5673567,0.0958665,0.0967711,0.8932075,0.8948644
31.16,49.7701323,49.5676949,0.0958399,0.0967519,0.8931765,0.8948250
31.17,49.7701588,49.5680314,0.0958133,0.0967326,0.8931461,0.8947855
31.18,49.7701835,49.5683664,0.0957866,0.0967130,0.8931161,0.8947459
31.19,49.7702066,49.5686996,0.0957599,0.0966932,0.8930866,0.8947062
31.20,49.7702280,49.5690313,0.0957331,0.0966733,0.8930576,0.8946665
31.21,49.7702477,49.5693612,0.0957064,0.0966531,0.8930291,0.8946267
31.22,49.7702657,49.5696895,0.0956796,0.0966327,0.8930012,0.8945868
31.23,49.7702820,49.5700161,0.0956528,0.0966122,0.8929738,0.8945468
31.24,49.7702966,49.5703410,0.0956260,0.0965914,0.8929469,0.8945068
31.25,49.7703095,49.5706642,0.0955992,0.0965705,0.8929205,0.8944667
31.26,49.7703207,49.5709856,0.0955724,0.0965493,0.8928947,0.8944266
31.27,49.7703302,49.5713054,0.0955457,0.0965280,0.8928693,0.8943864
31.28,49.7703381,49.5716234,0.0955189,0.0965065,0.8928446,0.8943461
31.29,49.7703443,49.5719396,0.0954922,0.0964848,0.8928204,0.8943058
31.30,49.7703488,49.5722541,0.0954655,0.0964629,0.8927967,0.8942654
31.31,49.7703516,49.5725668,0.0954388,0.0964409,0.8927736,0.8942250
31.32,49.7703527,49.5728778,0.0954122,0.0964186,0.8927510,0.8941845
31.33,49.7703522,49.5731870,0.0953856,0.0963962,0.8927289,0.8941439
31.34,49.7703500,49.5734943,0.0953590,0.0963736,0.8927075,0.8941034
31.35,49.7703462,49.5737999,0.0953325,0.0963508,0.8926866,0.8940627
31.36,49.7703408,49.5741037,0.0953061,0.0963278,0.8926662,0.8940220
31.37,49.7703336,49.5744056,0.0952798,0.0963047,0.8926464,0.8939813
31.38,49.7703249,49.5747058,0.0952535,0.0962813,0.8926272,0.8939405
31.39,49.7703145,49.5750040,0.0952272,0.0962578,0.8926086,0.8938997
31.40,49.7703025,49.5753005,0.0952011,0.0962342,0.8925905,0.8938589
31.41,49.7702889,49.5755951,0.0951750,0.0962103,0.8925730,0.8938180
31.42,49.7702737,49.5758878,0.0951490,0.0961863,0.8925561,0.8937771
31.43,49.7702568,49.5761786,0.0951232,0.0961622,0.8925397,0.8937361
31.44,49.7702384,49.5764676,0.0950974,0.0961378,0.8925240,0.8936951
31.45,49.7702184,49.5767547,0.0950717,0.0961133,0.8925088,0.8936541
31.46,49.7701968,49.5770399,0.0950461,0.0960886,0.8924942,0.8936131
31.47,49.7701737,49.5773232,0.0950207,0.0960638,0.8924801,0.8935720
31.48,49.7701490,49.5776045,0.0949953,0.0960388,0.8924667,0.8935309
31.49,49.7701227,49.5778840,0.0949701,0.0960136,0.8924538,0.8934898
31.50,49.7700950,49.5781615,0.0949450,0.0959883,0.8924415,0.8934486
31.51,49.7700656,49.5784371,0.0949200,0.0959628,0.8924298,0.8934075
31.52,49.7700348,49.5787108,0.0948952,0.0959372,0.8924187,0.8933663
31.53,49.7700024,49.5789825,0.0948705,0.0959114,0.8924082,0.8933251
31.54,49.7699686,49.5792523,0.0948459,0.0958855,0.8923983,0.8932839
31.55,49.7699333,49.5795201,0.0948215,0.0958594,0.8923889,0.8932427
31.56,49.7698965,49.5797859,0.0947973,0.0958332,0.8923802,0.8932015
31.57,49.7698582,49.5800497,0.0947732,0.0958068,0.8923720,0.8931602
31.58,49.7698185,49.5803116,0.0947493,0.0957802,0.8923644,0.8931190
31.59,49.7697773,49.5805715,0.0947255,0.0957535,0.8923574,0.8930777
31.60,49.7697347,49.5808294,0.0947019,0.0957267,0.8923510,0.8930365
31.61,49.7696907,49.5810852,0.0946785,0.0956997,0.8923451,0.8929952
31.62,49.7696453,49.5813391,0.0946552,0.0956726,0.8923399,0.8929540
31.63,49.7695985,49.5815910,0.0946322,0.0956454,0.8923352,0.8929127
31.64,49.7695503,49.5818408,0.0946093,0.0956180,0.8923312,0.8928714
31.65,49.7695008,49.5820886,0.0945866,0.0955904,0.8923277,0.8928302
31.66,49.7694499,49.5823344,0.0945641,0.0955628,0.8923248,0.8927890
31.67,49.7693977,49.5825781,0.0945418,0.0955350,0.8923224,0.8927477
31.68,49.7693442,49.5828198,0.0945197,0.0955070,0.8923207,0.8927065
31.69,49.7692893,49.5830594,0.0944979,0.0954789,0.8923195,0.8926653
31.70,49.7692332,49.5832970,0.0944762,0.0954507,0.8923189,0.8926241
31.71,49.7691758,49.5835325,0.0944547,0.0954224,0.8923189,0.8925829
31.72,49.7691171,49.5837660,0.0944335,0.0953940,0.8923195,0.8925417
31.73,49.7690571,49.5839974,0.0944124,0.0953654,0.8923206,0.8925006
31.74,49.7689960,49.5842267,0.0943916,0.0953367,0.8923223,0.8924595
31.75,49.7689336,49.5844539,0.0943710,0.0953078,0.8923246,0.8924183
31.76,49.7688700,49.5846790,0.0943507,0.0952789,0.8923274,0.8923773
31.77,49.7688053,49.5849020,0.0943306,0.0952498,0.8923308,0.8923362
31.78,49.7687394,49.5851230,0.0943107,0.0952206,0.8923348,0.8922952
31.79,49.7686723,49.5853418,0.0942911,0.0951913,0.8923393,0.8922542
31.80,49.7686041,49.5855585,0.0942717,0.0951619,0.8923443,0.8922132
31.81,49.7685347,49.5857731,0.0942525,0.0951323,0.8923500,0.8921722
31.82,49.7684643,49.5859856,0.0942336,0.0951027,0.8923561,0.8921313
31.83,49.7683928,49.5861960,0.0942150,0.0950729,0.8923629,0.8920905
31.84,49.7683202,49.5864042,0.0941966,0.0950430,0.8923701,0.8920496
31.85,49.7682466,49.5866104,0.0941784,0.0950130,0.8923780,0.8920088
31.86,49.7681719,49.5868143,0.0941606,0.0949829,0.8923863,0.8919680
31.87,49.7680962,49.5870162,0.0941430,0.0949527,0.8923952,0.8919273
31.88,49.7680195,49.5872159,0.0941256,0.0949224,0.8924046,0.8918866
31.89,49.7679419,49.5874135,0.0941085,0.0948920,0.8924146,0.8918460
31.90,49.7678632,49.5876089,0.0940917,0.0948615,0.8924251,0.8918054
31.91,49.7677837,49.5878021,0.0940752,0.0948309,0.8924361,0.8917649
31.92,49.7677032,49.5879932,0.0940590,0.0948002,0.8924476,0.8917244
31.93,49.7676218,49.5881822,0.0940430,0.0947694,0.8924596,0.8916839
31.94,49.7675395,49.5883689,0.0940273,0.0947385,0.8924722,0.8916436
31.95,49.7674564,49.5885535,0.0940119,0.0947075,0.8924852,0.8916032
31.96,49.7673724,49.5887360,0.0939968,0.0946764,0.8924988,0.8915629
31.97,49.7672875,49.5889162,0.0939819,0.0946452,0.8925128,0.8915227
31.98,49.7672019,49.5890943,0.0939674,0.0946139,0.8925274,0.8914826
31.99,49.7671155,49.5892703,0.0939531,0.0945826,0.8925424,0.8914425
32.00,49.7670282,49.5894440,0.0939392,0.0945511,0.8925580,0.8914024
32.01,49.7669403,49.5896155,0.0939255,0.0945196,0.8925740,0.8913624
32.02,49.7668516,49.5897849,0.0939121,0.0944880,0.8925904,0.8913225
32.03,49.7667622,49.5899521,0.0938991,0.0944563,0.8926074,0.8912827
32.04,49.7666721,49.5901171,0.0938863,0.0944245,0.8926248,0.8912429
32.05,49.7665813,49.5902798,0.0938738,0.0943927,0.8926427,0.8912032
32.06,49.7664899,49.5904404,0.0938617,0.0943607,0.8926611,0.8911635
32.07,49.7663978,49.5905988,0.0938498,0.0943287,0.8926799,0.8911240
32.08,49.7663051,49.5907550,0.0938383,0.0942966,0.8926991,0.8910845
32.09,49.7662118,49.5909090,0.0938270,0.0942645,0.8927188,0.8910450
32.10,49.7661180,49.5910608,0.0938161,0.0942322,0.8927389,0.8910057
32.11,49.7660235,49.5912104,0.0938055,0.0941999,0.8927595,0.8909664
32.12,49.7659286,49.5913578,0.0937952,0.0941676,0.8927805,0.8909272
32.13,49.7658331,49.5915030,0.0937852,0.0941351,0.8928019,0.8908881
32.14,49.7657372,49.5916459,0.0937755,0.0941026,0.8928237,0.8908491
32.15,49.7656407,49.5917867,0.0937662,0.0940701,0.8928460,0.8908102
32.16,49.7655438,49.5919252,0.0937571,0.0940374,0.8928686,0.8907713
32.17,49.7654465,49.5920615,0.0937484,0.0940047,0.8928917,0.8907326
32.18,49.7653488,49.5921956,0.0937400,0.0939720,0.8929151,0.8906939
32.19,49.7652507,49.5923275,0.0937319,0.0939392,0.8929389,0.8906553
32.20,49.7651521,49.5924572,0.0937241,0.0939063,0.8929631,0.8906168
32.21,49.7650533,49.5925847,0.0937167,0.0938734,0.8929877,0.8905784
32.22,49.7649541,49.5927099,0.0937096,0.0938404,0.8930127,0.8905401
32.23,49.7648546,49.5928330,0.0937027,0.0938074,0.8930380,0.8905018
32.24,49.7647548,49.5929538,0.0936963,0.0937743,0.8930637,0.8904637
32.25,49.7646548,49.5930724,0.0936901,0.0937412,0.8930897,0.8904257
32.26,49.7645545,49.5931887,0.0936842,0.0937080,0.8931161,0.8903878
32.27,49.7644539,49.5933029,0.0936787,0.0936748,0.8931428,0.8903500
32.28,49.7643532,49.5934148,0.0936735,0.0936415,0.8931699,0.8903122
32.29,49.7642522,49.5935245,0.0936687,0.0936082,0.8931973,0.8902746
32.30,49.7641511,49.5936320,0.0936641,0.0935748,0.8932250,0.8902371
32.31,49.7640499,49.5937373,0.0936599,0.0935414,0.8932530,0.8901997
32.32,49.7639485,49.5938404,0.0936560,0.0935080,0.8932813,0.8901624
32.33,49.7638470,49.5939412,0.0936524,0.0934745,0.8933100,0.8901252
32.34,49.7637454,49.5940398,0.0936491,0.0934410,0.8933389,0.8900881
32.35,49.7636438,49.5941362,0.0936462,0.0934075,0.8933681,0.8900512
32.36,49.7635421,49.5942304,0.0936436,0.0933739,0.8933976,0.8900143
32.37,49.7634404,49.5943224,0.0936413,0.0933403,0.8934274,0.8899776
32.38,49.7633387,49.5944122,0.0936393,0.0933066,0.8934574,0.8899409
32.39,49.7632369,49.5944997,0.0936376,0.0932730,0.8934877,0.8899044
32.40,49.7631353,49.5945850,0.0936363,0.0932393,0.8935183,0.8898680
32.41,49.7630337,49.5946682,0.0936353,0.0932055,0.8935491,0.8898317
32.42,49.7629321,49.5947491,0.0936346,0.0931718,0.8935802,0.8897956
32.43,49.7628306,49.5948278,0.0936342,0.0931380,0.8936115,0.8897596
32.44,49.7627293,49.5949042,0.0936341,0.0931042,0.8936430,0.8897237
32.45,49.7626281,49.5949785,0.0936343,0.0930704,0.8936747,0.8896879
32.46,49.7625270,49.5950506,0.0936349,0.0930366,0.8937067,0.8896522
32.47,49.7624261,49.5951205,0.0936358,0.0930027,0.8937388,0.8896167
32.48,49.7623254,49.5951881,0.0936370,0.0929688,0.8937712,0.8895813
32.49,49.7622250,49.5952536,0.0936385,0.0929350,0.8938038,0.8895460
32.50,49.7621247,49.5953169,0.0936403,0.0929011,0.8938365,0.8895108
32.51,49.7620247,49.5953779,0.0936424,0.0928672,0.8938694,0.8894758
32.52,49.7619249,49.5954368,0.0936448,0.0928332,0.8939026,0.8894409
32.53,49.7618255,49.5954935,0.0936475,0.0927993,0.8939358,0.8894062
32.54,49.7617263,49.5955480,0.0936506,0.0927654,0.8939692,0.8893716
32.55,49.7616275,49.5956003,0.0936539,0.0927314,0.8940028,0.8893371
32.56,49.7615290,49.5956504,0.0936576,0.0926975,0.8940366,0.8893027
32.57,49.7614309,49.5956984,0.0936615,0.0926635,0.8940704,0.8892685
32.58,49.7613331,49.5957441,0.0936657,0.0926296,0.8941044,0.8892345
32.59,49.7612358,49.5957877,0.0936703,0.0925956,0.8941385,0.8892005
32.60,49.7611388,49.5958291,0.0936751,0.0925617,0.8941728,0.8891668
32.61,49.7610423,49.5958684,0.0936802,0.0925277,0.8942071,0.8891331
32.62,49.7609463,49.5959054,0.0936856,0.0924938,0.8942416,0.8890996
32.63,49.7608507,49.5959403,0.0936913,0.0924599,0.8942761,0.8890663
32.64,49.7607555,49.5959730,0.0936973,0.0924259,0.8943107,0.8890331
32.65,49.7606609,49.5960036,0.0937036,0.0923920,0.8943455,0.8890000
32.66,49.7605669,49.5960320,0.0937102,0.0923581,0.8943802,0.8889671
32.67,49.7604733,49.5960583,0.0937170,0.0923242,0.8944151,0.8889343
32.68,49.7603803,49.5960824,0.0937241,0.0922903,0.8944500,0.8889017
32.69,49.7602879,49.5961044,0.0937315,0.0922564,0.8944850,0.8888692
32.70,49.7601960,49.5961242,0.0937392,0.0922225,0.8945200,0.8888369
32.71,49.7601048,49.5961419,0.0937471,0.0921887,0.8945551,0.8888048
32.72,49.7600142,49.5961574,0.0937554,0.0921549,0.8945902,0.8887728
32.73,49.7599242,49.5961709,0.0937638,0.0921211,0.8946253,0.8887409
32.74,49.7598348,49.5961822,0.0937726,0.0920873,0.8946604,0.8887092
32.75,49.7597462,49.5961913,0.0937816,0.0920535,0.8946956,0.8886777
32.76,49.7596582,49.5961984,0.0937909,0.0920198,0.8947307,0.8886463
32.77,49.7595709,49.5962033,0.0938004,0.0919860,0.8947659,0.8886151
32.78,49.7594843,49.5962061,0.0938102,0.0919523,0.8948010,0.8885840
32.79,49.7593985,49.5962068,0.0938202,0.0919187,0.8948361,0.8885532
32.80,49.7593133,49.5962054,0.0938305,0.0918850,0.8948712,0.8885224
32.81,49.7592290,49.5962019,0.0938410,0.0918514,0.8949063,0.8884918
32.82,49.7591454,49.5961964,0.0938518,0.0918178,0.8949413,0.8884614
32.83,49.7590626,49.5961887,0.0938628,0.0917843,0.8949763,0.8884312
32.84,49.7589806,49.5961789,0.0938741,0.0917508,0.8950113,0.8884011
32.85,49.7588994,49.5961671,0.0938856,0.0917173,0.8950461,0.8883712
32.86,49.7588190,49.5961532,0.0938973,0.0916839,0.8950810,0.8883415
32.87,49.7587395,49.5961372,0.0939092,0.0916504,0.8951157,0.8883119
32.88,49.7586609,49.5961191,0.0939214,0.0916171,0.8951504,0.8882825
32.89,49.7585831,49.5960990,0.0939338,0.0915838,0.8951850,0.8882533
32.90,49.7585061,49.5960768,0.0939464,0.0915505,0.8952195,0.8882242
32.91,49.7584301,49.5960526,0.0939593,0.0915172,0.8952539,0.8881953
32.92,49.7583550,49.5960264,0.0939723,0.0914840,0.8952882,0.8881666
32.93,49.7582808,49.5959981,0.0939856,0.0914509,0.8953224,0.8881380
32.94,49.7582075,49.5959677,0.0939991,0.0914178,0.8953564,0.8881097
32.95,49.7581351,49.5959354,0.0940127,0.0913847,0.8953904,0.8880815
32.96,49.7580637,49.5959010,0.0940266,0.0913517,0.8954242,0.8880534
32.97,49.7579933,49.5958646,0.0940407,0.0913188,0.8954579,0.8880256
32.98,49.7579238,49.5958262,0.0940549,0.0912858,0.8954914,0.8879979
32.99,49.7578554,49.5957858,0.0940694,0.0912530,0.8955248,0.8879704
33.00,49.7577879,49.5957433,0.0940841,0.0912202,0.8955581,0.8879431
33.01,49.7577214,49.5956989,0.0940989,0.0911875,0.8955912,0.8879160
33.02,49.7576559,49.5956525,0.0941139,0.0911548,0.8956241,0.8878890
33.03,49.7575915,49.5956041,0.0941291,0.0911221,0.8956569,0.8878623
33.04,49.7575281,49.5955538,0.0941445,0.0910896,0.8956894,0.8878357
33.05,49.7574657,49.5955015,0.0941600,0.0910571,0.8957218,0.8878093
33.06,49.7574044,49.5954472,0.0941757,0.0910246,0.8957540,0.8877831
33.07,49.7573442,49.5953909,0.0941916,0.0909922,0.8957860,0.8877570
33.08,49.7572850,49.5953327,0.0942076,0.0909599,0.8958178,0.8877312
33.09,49.7572269,49.5952726,0.0942238,0.0909277,0.8958494,0.8877055
33.10,49.7571699,49.5952105,0.0942401,0.0908955,0.8958808,0.8876800
33.11,49.7571140,49.5951465,0.0942566,0.0908634,0.8959120,0.8876547
33.12,49.7570592,49.5950806,0.0942732,0.0908313,0.8959429,0.8876296
33.13,49.7570055,49.5950127,0.0942900,0.0907993,0.8959737,0.8876047
33.14,49.7569529,49.5949429,0.0943069,0.0907674,0.8960041,0.8875800
33.15,49.7569015,49.5948713,0.0943239,0.0907356,0.8960344,0.8875555
33.16,49.7568512,49.5947977,0.0943411,0.0907038,0.8960644,0.8875311
33.17,49.7568020,49.5947223,0.0943584,0.0906721,0.8960941,0.8875069
33.18,49.7567540,49.5946449,0.0943758,0.0906405,0.8961236,0.8874830
33.19,49.7567071,49.5945657,0.0943933,0.0906090,0.8961529,0.8874592
33.20,49.7566614,49.5944846,0.0944110,0.0905775,0.8961819,0.8874356
33.21,49.7566168,49.5944017,0.0944287,0.0905461,0.8962106,0.8874122
33.22,49.7565734,49.5943169,0.0944466,0.0905148,0.8962390,0.8873890
33.23,49.7565312,49.5942303,0.0944646,0.0904836,0.8962671,0.8873660
33.24,49.7564902,49.5941418,0.0944827,0.0904525,0.8962950,0.8873432
33.25,49.7564503,49.5940515,0.0945008,0.0904214,0.8963226,0.8873206
33.26,49.7564117,49.5939593,0.0945191,0.0903905,0.8963499,0.8872982
33.27,49.7563742,49.5938654,0.0945375,0.0903596,0.8963769,0.8872760
33.28,49.7563379,49.5937696,0.0945559,0.0903288,0.8964035,0.8872540
33.29,49.7563028,49.5936721,0.0945744,0.0902981,0.8964299,0.8872321
33.30,49.7562689,49.5935727,0.0945930,0.0902675,0.8964560,0.8872105
33.31,49.7562363,49.5934716,0.0946117,0.0902369,0.8964817,0.8871891
33.32,49.7562048,49.5933686,0.0946304,0.0902065,0.8965072,0.8871678
33.33,49.7561746,49.5932640,0.0946492,0.0901762,0.8965323,0.8871468
33.34,49.7561455,49.5931575,0.0946681,0.0901459,0.8965571,0.8871260
33.35,49.7561177,49.5930493,0.0946870,0.0901158,0.8965815,0.8871053
33.36,49.7560911,49.5929394,0.0947059,0.0900857,0.8966056,0.8870849
33.37,49.7560657,49.5928277,0.0947250,0.0900558,0.8966294,0.8870647
33.38,49.7560416,49.5927143,0.0947440,0.0900259,0.8966529,0.8870446
33.39,49.7560186,49.5925991,0.0947631,0.0899961,0.8966759,0.8870248
33.40,49.7559969,49.5924823,0.0947823,0.0899665,0.8966987,0.8870052
33.41,49.7559764,49.5923637,0.0948015,0.0899369,0.8967211,0.8869858
33.42,49.7559572,49.5922435,0.0948207,0.0899075,0.8967431,0.8869665
33.43,49.7559391,49.5921216,0.0948399,0.0898781,0.8967648,0.8869475
33.44,49.7559223,49.5919980,0.0948592,0.0898488,0.8967861,0.8869287
33.45,49.7559067,49.5918727,0.0948785,0.0898197,0.8968070,0.8869101
33.46,49.7558923,49.5917457,0.0948977,0.0897906,0.8968276,0.8868917
33.47,49.7558792,49.5916171,0.0949170,0.0897617,0.8968478,0.8868735
33.48,49.7558673,49.5914869,0.0949364,0.0897329,0.8968676,0.8868555
33.49,49.7558566,49.5913550,0.0949557,0.0897042,0.8968871,0.8868377
33.50,49.7558471,49.5912215,0.0949750,0.0896756,0.8969061,0.8868201
33.51,49.7558388,49.5910864,0.0949943,0.0896471,0.8969248,0.8868028
33.52,49.7558318,49.5909497,0.0950136,0.0896187,0.8969431,0.8867856
33.53,49.7558259,49.5908114,0.0950329,0.0895904,0.8969610,0.8867686
33.54,49.7558213,49.5906715,0.0950522,0.0895622,0.8969785,0.8867519
33.55,49.7558179,49.5905300,0.0950714,0.0895342,0.8969957,0.8867353
33.56,49.7558157,49.5903869,0.0950906,0.0895063,0.8970124,0.8867190
33.57,49.7558147,49.5902423,0.0951098,0.0894784,0.8970287,0.8867028
33.58,49.7558149,49.5900961,0.0951290,0.0894507,0.8970447,0.8866869
33.59,49.7558163,49.5899484,0.0951482,0.0894232,0.8970602,0.8866712
33.60,49.7558189,49.5897992,0.0951673,0.0893957,0.8970753,0.8866557
33.61,49.7558226,49.5896484,0.0951863,0.0893684,0.8970901,0.8866404
33.62,49.7558276,49.5894961,0.0952053,0.0893411,0.8971044,0.8866253
33.63,49.7558337,49.5893423,0.0952243,0.0893140,0.8971183,0.8866104
33.64,49.7558410,49.5891870,0.0952432,0.0892871,0.8971318,0.8865957
33.65,49.7558495,49.5890302,0.0952621,0.0892602,0.8971449,0.8865812
33.66,49.7558592,49.5888720,0.0952809,0.0892335,0.8971576,0.8865670
33.67,49.7558700,49.5887122,0.0952996,0.0892069,0.8971698,0.8865529
33.68,49.7558820,49.5885510,0.0953183,0.0891804,0.8971817,0.8865391
33.69,49.7558951,49.5883884,0.0953369,0.0891541,0.8971931,0.8865255
33.70,49.7559093,49.5882243,0.0953554,0.0891278,0.8972041,0.8865120
33.71,49.7559247,49.5880588,0.0953738,0.0891017,0.8972147,0.8864988
33.72,49.7559412,49.5878919,0.0953922,0.0890758,0.8972249,0.8864858
33.73,49.7559589,49.5877236,0.0954105,0.0890500,0.8972346,0.8864730
33.74,49.7559777,49.5875538,0.0954287,0.0890242,0.8972440,0.8864605
33.75,49.7559975,49.5873827,0.0954468,0.0889987,0.8972529,0.8864481
33.76,49.7560185,49.5872102,0.0954648,0.0889732,0.8972614,0.8864359
33.77,49.7560406,49.5870364,0.0954827,0.0889479,0.8972694,0.8864240
33.78,49.7560637,49.5868611,0.0955005,0.0889228,0.8972771,0.8864123
33.79,49.7560880,49.5866846,0.0955183,0.0888977,0.8972843,0.8864007
33.80,49.7561133,49.5865066,0.0955359,0.0888728,0.8972911,0.8863894
33.81,49.7561397,49.5863274,0.0955534,0.0888481,0.8972975,0.8863783
33.82,49.7561671,49.5861468,0.0955707,0.0888234,0.8973034,0.8863674
33.83,49.7561956,49.5859650,0.0955880,0.0887989,0.8973090,0.8863567
33.84,49.7562251,49.5857818,0.0956052,0.0887746,0.8973141,0.8863463
33.85,49.7562557,49.5855973,0.0956222,0.0887504,0.8973188,0.8863360
33.86,49.7562873,49.5854116,0.0956391,0.0887263,0.8973230,0.8863259
33.87,49.7563198,49.5852246,0.0956559,0.0887024,0.8973269,0.8863161
33.88,49.7563534,49.5850363,0.0956725,0.0886786,0.8973303,0.8863065
33.89,49.7563880,49.5848468,0.0956890,0.0886549,0.8973333,0.8862971
33.90,49.7564236,49.5846561,0.0957054,0.0886314,0.8973359,0.8862878
33.91,49.7564601,49.5844641,0.0957216,0.0886080,0.8973380,0.8862789
33.92,49.7564976,49.5842709,0.0957377,0.0885848,0.8973398,0.8862701
33.93,49.7565361,49.5840765,0.0957537,0.0885618,0.8973411,0.8862615
33.94,49.7565755,49.5838810,0.0957695,0.0885388,0.8973420,0.8862531
33.95,49.7566158,49.5836842,0.0957851,0.0885160,0.8973425,0.8862450
33.96,49.7566571,49.5834863,0.0958006,0.0884934,0.8973425,0.8862370
33.97,49.7566993,49.5832872,0.0958160,0.0884709,0.8973422,0.8862293
33.98,49.7567423,49.5830869,0.0958311,0.0884486,0.8973415,0.8862218
33.99,49.7567863,49.5828855,0.0958462,0.0884264,0.8973403,0.8862144
34.00,49.7568312,49.5826830,0.0958610,0.0884043,0.8973387,0.8862073
34.01,49.7568769,49.5824794,0.0958757,0.0883824,0.8973367,0.8862004
34.02,49.7569234,49.5822746,0.0958902,0.0883607,0.8973343,0.8861938
34.03,49.7569708,49.5820688,0.0959046,0.0883391,0.8973315,0.8861873
34.04,49.7570191,49.5818618,0.0959188,0.0883177,0.8973283,0.8861810
34.05,49.7570681,49.5816538,0.0959328,0.0882964,0.8973247,0.8861749
34.06,49.7571180,49.5814447,0.0959466,0.0882752,0.8973207,0.8861691
34.07,49.7571686,49.5812346,0.0959603,0.0882542,0.8973163,0.8861634
34.08,49.7572201,49.5810234,0.0959737,0.0882334,0.8973116,0.8861580
34.09,49.7572723,49.5808112,0.0959870,0.0882127,0.8973064,0.8861528
34.10,49.7573253,49.5805980,0.0960001,0.0881922,0.8973008,0.8861478
34.11,49.7573790,49.5803838,0.0960130,0.0881718,0.8972948,0.8861430
34.12,49.7574335,49.5801685,0.0960258,0.0881516,0.8972885,0.8861383
34.13,49.7574886,49.5799523,0.0960383,0.0881316,0.8972817,0.8861340
34.14,49.7575445,49.5797351,0.0960506,0.0881117,0.8972746,0.8861298
34.15,49.7576011,49.5795169,0.0960628,0.0880919,0.8972671,0.8861258
34.16,49.7576584,49.5792978,0.0960747,0.0880724,0.8972592,0.8861220
34.17,49.7577163,49.5790777,0.0960865,0.0880529,0.8972510,0.8861184
34.18,49.7577749,49.5788567,0.0960980,0.0880337,0.8972424,0.8861151
34.19,49.7578341,49.5786348,0.0961093,0.0880146,0.8972334,0.8861119
34.20,49.7578940,49.5784120,0.0961205,0.0879956,0.8972240,0.8861090
34.21,49.7579544,49.5781882,0.0961314,0.0879768,0.8972143,0.8861062
34.22,49.7580155,49.5779636,0.0961421,0.0879582,0.8972042,0.8861037
34.23,49.7580771,49.5777381,0.0961527,0.0879397,0.8971938,0.8861013
34.24,49.7581394,49.5775117,0.0961630,0.0879214,0.8971830,0.8860992
34.25,49.7582022,49.5772845,0.0961731,0.0879033,0.8971718,0.8860972
34.26,49.7582655,49.5770564,0.0961829,0.0878853,0.8971603,0.8860955
34.27,49.7583294,49.5768275,0.0961926,0.0878675,0.8971485,0.8860940
34.28,49.7583937,49.5765978,0.0962021,0.0878498,0.8971363,0.8860927
34.29,49.7584586,49.5763673,0.0962113,0.0878324,0.8971238,0.8860915
34.30,49.7585240,49.5761359,0.0962203,0.0878150,0.8971110,0.8860906
34.31,49.7585899,49.5759038,0.0962291,0.0877979,0.8970978,0.8860899
34.32,49.7586562,49.5756709,0.0962377,0.0877809,0.8970843,0.8860894
34.33,49.7587229,49.5754372,0.0962460,0.0877640,0.8970705,0.8860891
34.34,49.7587901,49.5752028,0.0962542,0.0877474,0.8970563,0.8860890
34.35,49.7588577,49.5749677,0.0962621,0.0877309,0.8970418,0.8860890
34.36,49.7589257,49.5747318,0.0962698,0.0877145,0.8970271,0.8860893
34.37,49.7589941,49.5744951,0.0962772,0.0876984,0.8970120,0.8860898
34.38,49.7590629,49.5742578,0.0962845,0.0876824,0.8969966,0.8860905
34.39,49.7591320,49.5740198,0.0962915,0.0876665,0.8969809,0.8860914
34.40,49.7592015,49.5737811,0.0962982,0.0876509,0.8969649,0.8860924
34.41,49.7592713,49.5735417,0.0963048,0.0876354,0.8969486,0.8860937
34.42,49.7593414,49.5733017,0.0963111,0.0876200,0.8969320,0.8860952
34.43,49.7594118,49.5730610,0.0963172,0.0876049,0.8969152,0.8860968
34.44,49.7594825,49.5728196,0.0963231,0.0875899,0.8968980,0.8860987
34.45,49.7595535,49.5725777,0.0963287,0.0875750,0.8968806,0.8861008
34.46,49.7596247,49.5723351,0.0963341,0.0875604,0.8968629,0.8861030
34.47,49.7596962,49.5720919,0.0963393,0.0875459,0.8968450,0.8861055
34.48,49.7597679,49.5718481,0.0963442,0.0875316,0.8968268,0.8861081
34.49,49.7598398,49.5716037,0.0963489,0.0875174,0.8968083,0.8861109
34.50,49.7599119,49.5713587,0.0963534,0.0875034,0.8967896,0.8861140
34.51,49.7599842,49.5711132,0.0963577,0.0874896,0.8967706,0.8861172
34.52,49.7600566,49.5708672,0.0963617,0.0874760,0.8967514,0.8861206
34.53,49.7601292,49.5706206,0.0963655,0.0874625,0.8967319,0.8861242
34.54,49.7602020,49.5703734,0.0963690,0.0874492,0.8967122,0.8861280
34.55,49.7602749,49.5701258,0.0963723,0.0874361,0.8966922,0.8861320
34.56,49.7603478,49.5698776,0.0963754,0.0874231,0.8966721,0.8861361
34.57,49.7604209,49.5696290,0.0963783,0.0874104,0.8966517,0.8861405
34.58,49.7604941,49.5693799,0.0963809,0.0873977,0.8966311,0.8861450
34.59,49.7605673,49.5691303,0.0963833,0.0873853,0.8966102,0.8861498
34.60,49.7606405,49.5688802,0.0963854,0.0873730,0.8965892,0.8861547
34.61,49.7607139,49.5686297,0.0963873,0.0873609,0.8965680,0.8861598
34.62,49.7607872,49.5683788,0.0963890,0.0873490,0.8965465,0.8861651
34.63,49.7608605,49.5681274,0.0963905,0.0873373,0.8965249,0.8861706
34.64,49.7609338,49.5678756,0.0963917,0.0873257,0.8965031,0.8861763
34.65,49.7610071,49.5676234,0.0963927,0.0873143,0.8964811,0.8861821
34.66,49.7610804,49.5673708,0.0963935,0.0873030,0.8964589,0.8861881
34.67,49.7611536,49.5671179,0.0963940,0.0872920,0.8964365,0.8861944
34.68,49.7612268,49.5668645,0.0963943,0.0872811,0.8964140,0.8862008
34.69,49.7612998,49.5666108,0.0963944,0.0872704,0.8963913,0.8862073
34.70,49.7613728,49.5663568,0.0963943,0.0872598,0.8963684,0.8862141
34.71,49.7614457,49.5661024,0.0963939,0.0872495,0.8963454,0.8862210
34.72,49.7615184,49.5658477,0.0963933,0.0872393,0.8963223,0.8862282
34.73,49.7615910,49.5655927,0.0963925,0.0872292,0.8962989,0.8862355
34.74,49.7616635,49.5653374,0.0963914,0.0872194,0.8962755,0.8862429
34.75,49.7617358,49.5650818,0.0963902,0.0872097,0.8962519,0.8862506
34.76,49.7618079,49.5648259,0.0963887,0.0872002,0.8962282,0.8862584
34.77,49.7618799,49.5645698,0.0963870,0.0871909,0.8962043,0.8862664
34.78,49.7619516,49.5643134,0.0963850,0.0871817,0.8961804,0.8862746
34.79,49.7620231,49.5640567,0.0963829,0.0871727,0.8961563,0.8862830
34.80,49.7620944,49.5637998,0.0963805,0.0871639,0.8961321,0.8862915
34.81,49.7621654,49.5635427,0.0963779,0.0871553,0.8961078,0.8863002
34.82,49.7622362,49.5632854,0.0963751,0.0871468,0.8960834,0.8863091
34.83,49.7623067,49.5630278,0.0963721,0.0871385,0.8960589,0.8863182
34.84,49.7623769,49.5627701,0.0963688,0.0871304,0.8960343,0.8863274
34.85,49.7624469,49.5625122,0.0963654,0.0871225,0.8960096,0.8863368
34.86,49.7625165,49.5622541,0.0963617,0.0871147,0.8959849,0.8863463
34.87,49.7625858,49.5619959,0.0963578,0.0871071,0.8959601,0.8863561
34.88,49.7626548,49.5617375,0.0963537,0.0870997,0.8959352,0.8863660
34.89,49.7627234,49.5614790,0.0963495,0.0870924,0.8959102,0.8863760
34.90,49.7627916,49.5612204,0.0963450,0.0870853,0.8958852,0.8863863
34.91,49.7628595,49.5609617,0.0963403,0.0870784,0.8958601,0.8863967
34.92,49.7629270,49.5607028,0.0963354,0.0870717,0.8958350,0.8864072
34.93,49.7629941,49.5604439,0.0963303,0.0870651,0.8958098,0.8864180
34.94,49.7630608,49.5601848,0.0963250,0.0870588,0.8957846,0.8864289
34.95,49.7631271,49.5599258,0.0963195,0.0870526,0.8957594,0.8864399
34.96,49.7631929,49.5596666,0.0963138,0.0870465,0.8957341,0.8864511
34.97,49.7632583,49.5594074,0.0963079,0.0870406,0.8957088,0.8864625
34.98,49.7633232,49.5591482,0.0963018,0.0870349,0.8956835,0.8864741
34.99,49.7633877,49.5588889,0.0962955,0.0870294,0.8956582,0.8864858
35.00,49.7634517,49.5586296,0.0962890,0.0870241,0.8956329,0.8864976
